"","variable","label","type","has_value_labels","value_labels","X0","X1","X2","X3","X4","X5","X6","X7","X8","X9","X10","X11","X12","X13","X14","X15","X16","X17","X18","X19","X20","X21","X22","X23","X24","X25","X26","X27","X28","X29","X30","X31","X32","X33","X34","scale_type","notes"
"1","Q1","AGEB","Texto",FALSE,"","","","","","","","","","","","","","","","","","","","","","",NA,NA,NA,NA,NA,NA,NA,NA,NA,NA,NA,NA,NA,NA,"Necesita Clasificacion",""
"2","Q2","Distrito electoral local","Texto",FALSE,"","","","","","","","","","","","","","","","","","","","","","",NA,NA,NA,NA,NA,NA,NA,NA,NA,NA,NA,NA,NA,NA,"Necesita Clasificacion",""
"3","Q3","Colonia","Texto",FALSE,"","","","","","","","","","","","","","","","","","","","","","",NA,NA,NA,NA,NA,NA,NA,NA,NA,NA,NA,NA,NA,NA,"Necesita Clasificacion",""
"4","Q4","Numero de encuestador","Texto",FALSE,"","","","","","","","","","","","","","","","","","","","","","",NA,NA,NA,NA,NA,NA,NA,NA,NA,NA,NA,NA,NA,NA,"Necesita Clasificacion",""
"5","Q5","¿Conoce o puede mencionar el nombre de los actuales regidores? NO AYUDAR CON NOMBRES","Escala 1-2",TRUE,"1=Sí puede mencionar por lo menos 1 regidor;2=No conoce ningún regidor","","Sí puede mencionar por lo menos 1 regidor","No conoce ningún regidor","","","","","","","","","","","","","","","","","","",NA,NA,NA,NA,NA,NA,NA,NA,NA,NA,NA,NA,NA,NA,"Binaria",""
"6","Q6.1","Alejandro Daniel Acosta Aviña","Escala 1-2",TRUE,"0=No seleccionado;1=Seleccionado","No seleccionado","Seleccionado","","","","","","","","","","","","","","","","","","","",NA,NA,NA,NA,NA,NA,NA,NA,NA,NA,NA,NA,NA,NA,"Binaria",""
"7","Q6.2","Maria Dolores Adame Alvarado","Escala 1-2",TRUE,"0=No seleccionado;1=Seleccionado","No seleccionado","Seleccionado","","","","","","","","","","","","","","","","","","","",NA,NA,NA,NA,NA,NA,NA,NA,NA,NA,NA,NA,NA,NA,"Binaria",""
"8","Q6.3","Alejandro Alberto Jimenez","Escala 1-2",TRUE,"0=No seleccionado;1=Seleccionado","No seleccionado","Seleccionado","","","","","","","","","","","","","","","","","","","",NA,NA,NA,NA,NA,NA,NA,NA,NA,NA,NA,NA,NA,NA,"Binaria",""
"9","Q6.4","Laura Fernanda Avalos Medina","Escala 1-2",TRUE,"0=No seleccionado;1=Seleccionado","No seleccionado","Seleccionado","","","","","","","","","","","","","","","","","","","",NA,NA,NA,NA,NA,NA,NA,NA,NA,NA,NA,NA,NA,NA,"Binaria",""
"10","Q6.5","Hector Hugo Avitia Arellanes","Escala 1-2",TRUE,"0=No seleccionado;1=Seleccionado","No seleccionado","Seleccionado","","","","","","","","","","","","","","","","","","","",NA,NA,NA,NA,NA,NA,NA,NA,NA,NA,NA,NA,NA,NA,"Binaria",""
"11","Q6.6","Hector Hugo Avitia Corral","Escala 1-2",TRUE,"0=No seleccionado;1=Seleccionado","No seleccionado","Seleccionado","","","","","","","","","","","","","","","","","","","",NA,NA,NA,NA,NA,NA,NA,NA,NA,NA,NA,NA,NA,NA,"Binaria",""
"12","Q6.7","Jorge Marcial Bueno Quiroz","Escala 1-2",TRUE,"0=No seleccionado;1=Seleccionado","No seleccionado","Seleccionado","","","","","","","","","","","","","","","","","","","",NA,NA,NA,NA,NA,NA,NA,NA,NA,NA,NA,NA,NA,NA,"Binaria",""
"13","Q6.8","Mayra Karina Castillo Tapia","Escala 1-2",TRUE,"0=No seleccionado;1=Seleccionado","No seleccionado","Seleccionado","","","","","","","","","","","","","","","","","","","",NA,NA,NA,NA,NA,NA,NA,NA,NA,NA,NA,NA,NA,NA,"Binaria",""
"14","Q6.9","Luz Clara Cristo Sosa","Escala 1-2",TRUE,"0=No seleccionado;1=Seleccionado","No seleccionado","Seleccionado","","","","","","","","","","","","","","","","","","","",NA,NA,NA,NA,NA,NA,NA,NA,NA,NA,NA,NA,NA,NA,"Binaria",""
"15","Q6.10","Antonio Dominguez Alderete","Escala 1-2",TRUE,"0=No seleccionado;1=Seleccionado","No seleccionado","Seleccionado","","","","","","","","","","","","","","","","","","","",NA,NA,NA,NA,NA,NA,NA,NA,NA,NA,NA,NA,NA,NA,"Binaria",""
"16","Q6.11","Karla Michaeel Escalante Ramirez","Escala 1-2",TRUE,"0=No seleccionado;1=Seleccionado","No seleccionado","Seleccionado","","","","","","","","","","","","","","","","","","","",NA,NA,NA,NA,NA,NA,NA,NA,NA,NA,NA,NA,NA,NA,"Binaria",""
"17","Q6.12","Sandra Garcia Ramos","Escala 1-2",TRUE,"0=No seleccionado;1=Seleccionado","No seleccionado","Seleccionado","","","","","","","","","","","","","","","","","","","",NA,NA,NA,NA,NA,NA,NA,NA,NA,NA,NA,NA,NA,NA,"Binaria",""
"18","Q6.13","Pedro Alberto Matus Peña","Escala 1-2",TRUE,"0=No seleccionado;1=Seleccionado","No seleccionado","Seleccionado","","","","","","","","","","","","","","","","","","","",NA,NA,NA,NA,NA,NA,NA,NA,NA,NA,NA,NA,NA,NA,"Binaria",""
"19","Q6.14","Jose Mauricio Padilla","Escala 1-2",TRUE,"0=No seleccionado;1=Seleccionado","No seleccionado","Seleccionado","","","","","","","","","","","","","","","","","","","",NA,NA,NA,NA,NA,NA,NA,NA,NA,NA,NA,NA,NA,NA,"Binaria",""
"20","Q6.15","Martha Patricia Mendoza Rodriguez","Escala 1-2",TRUE,"0=No seleccionado;1=Seleccionado","No seleccionado","Seleccionado","","","","","","","","","","","","","","","","","","","",NA,NA,NA,NA,NA,NA,NA,NA,NA,NA,NA,NA,NA,NA,"Binaria",""
"21","Q6.16","Gloria Rocio Mirazo De la Rosa","Escala 1-2",TRUE,"0=No seleccionado;1=Seleccionado","No seleccionado","Seleccionado","","","","","","","","","","","","","","","","","","","",NA,NA,NA,NA,NA,NA,NA,NA,NA,NA,NA,NA,NA,NA,"Binaria",""
"22","Q6.17","Mireya Porras Armendariz","Escala 1-2",TRUE,"0=No seleccionado;1=Seleccionado","No seleccionado","Seleccionado","","","","","","","","","","","","","","","","","","","",NA,NA,NA,NA,NA,NA,NA,NA,NA,NA,NA,NA,NA,NA,"Binaria",""
"23","Q6.18","Dina Salgado Sotelo","Escala 1-2",TRUE,"0=No seleccionado;1=Seleccionado","No seleccionado","Seleccionado","","","","","","","","","","","","","","","","","","","",NA,NA,NA,NA,NA,NA,NA,NA,NA,NA,NA,NA,NA,NA,"Binaria",""
"24","Q6.19","Sandra Marbel Valenzuela Martinez","Escala 1-2",TRUE,"0=No seleccionado;1=Seleccionado","No seleccionado","Seleccionado","","","","","","","","","","","","","","","","","","","",NA,NA,NA,NA,NA,NA,NA,NA,NA,NA,NA,NA,NA,NA,"Binaria",""
"25","Q6.20","Jose Eduardo Valenzuela Martinez","Escala 1-2",TRUE,"0=No seleccionado;1=Seleccionado","No seleccionado","Seleccionado","","","","","","","","","","","","","","","","","","","",NA,NA,NA,NA,NA,NA,NA,NA,NA,NA,NA,NA,NA,NA,"Binaria",""
"26","Q7","¿Puede decirme el nombre del síndico o síndica municipal? NO AYUDAR CON NOMBRES","Escala 1-2",TRUE,"1=No conoce el nombre del/la síndico(a);2=Sí conoce (Ana carmen estrada)","","No conoce el nombre del/la síndico(a)","Sí conoce (Ana carmen estrada)","","","","","","","","","","","","","","","","","","",NA,NA,NA,NA,NA,NA,NA,NA,NA,NA,NA,NA,NA,NA,"Binaria",""
"27","Q8.1","Leticia Ortega Máynez (Distrito 02)","Escala 1-2",TRUE,"0=No seleccionado;1=Seleccionado","No seleccionado","Seleccionado","","","","","","","","","","","","","","","","","","","",NA,NA,NA,NA,NA,NA,NA,NA,NA,NA,NA,NA,NA,NA,"Binaria",""
"28","Q8.2","Oscar Daniel Avitia Arellanes (Distrito 03)","Escala 1-2",TRUE,"0=No seleccionado;1=Seleccionado","No seleccionado","Seleccionado","","","","","","","","","","","","","","","","","","","",NA,NA,NA,NA,NA,NA,NA,NA,NA,NA,NA,NA,NA,NA,"Binaria",""
"29","Q8.3","Rosana Díaz Reyes (Distrito 04)","Escala 1-2",TRUE,"0=No seleccionado;1=Seleccionado","No seleccionado","Seleccionado","","","","","","","","","","","","","","","","","","","",NA,NA,NA,NA,NA,NA,NA,NA,NA,NA,NA,NA,NA,NA,"Binaria",""
"30","Q8.4","Edna Xochitl Contreras Herrera (Distrito 05)","Escala 1-2",TRUE,"0=No seleccionado;1=Seleccionado","No seleccionado","Seleccionado","","","","","","","","","","","","","","","","","","","",NA,NA,NA,NA,NA,NA,NA,NA,NA,NA,NA,NA,NA,NA,"Binaria",""
"31","Q8.5","Irlanda Dominique Márquez Nolasco (Distrito 06)","Escala 1-2",TRUE,"0=No seleccionado;1=Seleccionado","No seleccionado","Seleccionado","","","","","","","","","","","","","","","","","","","",NA,NA,NA,NA,NA,NA,NA,NA,NA,NA,NA,NA,NA,NA,"Binaria",""
"32","Q8.6","Elizabeth Guzman Argueta (Distrito 07)","Escala 1-2",TRUE,"0=No seleccionado;1=Seleccionado","No seleccionado","Seleccionado","","","","","","","","","","","","","","","","","","","",NA,NA,NA,NA,NA,NA,NA,NA,NA,NA,NA,NA,NA,NA,"Binaria",""
"33","Q8.7","Edin Cuauhtémoc Estrada Sotelo (Distrito 08)","Escala 1-2",TRUE,"0=No seleccionado;1=Seleccionado","No seleccionado","Seleccionado","","","","","","","","","","","","","","","","","","","",NA,NA,NA,NA,NA,NA,NA,NA,NA,NA,NA,NA,NA,NA,"Binaria",""
"34","Q8.8","Magdalena Rentería Pérez (Distrito 09)","Escala 1-2",TRUE,"0=No seleccionado;1=Seleccionado","No seleccionado","Seleccionado","","","","","","","","","","","","","","","","","","","",NA,NA,NA,NA,NA,NA,NA,NA,NA,NA,NA,NA,NA,NA,"Binaria",""
"35","Q8.9","María Antonieta Pérez Reyes (Distrito 10)","Escala 1-2",TRUE,"0=No seleccionado;1=Seleccionado","No seleccionado","Seleccionado","","","","","","","","","","","","","","","","","","","",NA,NA,NA,NA,NA,NA,NA,NA,NA,NA,NA,NA,NA,NA,"Binaria",""
"36","Q8.10","No conoce diputado(a) local/estatal","Escala 1-2",TRUE,"0=No seleccionado;1=Seleccionado","No seleccionado","Seleccionado","","","","","","","","","","","","","","","","","","","",NA,NA,NA,NA,NA,NA,NA,NA,NA,NA,NA,NA,NA,NA,"Binaria",""
"37","Q9","¿Puede decirme el nombre del (la) diputado(a) federal de su distrito? NO AYUDAR CON NOMBRES","Escala 1-2",TRUE,"1=Sí conoce diputado(a) federal;2=No conoce diputado(a) federal","","Sí conoce diputado(a) federal","No conoce diputado(a) federal","","","","","","","","","","","","","","","","","","",NA,NA,NA,NA,NA,NA,NA,NA,NA,NA,NA,NA,NA,NA,"Binaria",""
"38","Q10.1","Daniel Murguía Lardizabal (Distrito 01)","Escala 1-2",TRUE,"0=No seleccionado;1=Seleccionado","No seleccionado","Seleccionado","","","","","","","","","","","","","","","","","","","",NA,NA,NA,NA,NA,NA,NA,NA,NA,NA,NA,NA,NA,NA,"Binaria",""
"39","Q10.2","Teresita de Jesus Vargas Meráz (Distrito 02)","Escala 1-2",TRUE,"0=No seleccionado;1=Seleccionado","No seleccionado","Seleccionado","","","","","","","","","","","","","","","","","","","",NA,NA,NA,NA,NA,NA,NA,NA,NA,NA,NA,NA,NA,NA,"Binaria",""
"40","Q10.3","Lilia Aguilar Gil (Distrito 03)","Escala 1-2",TRUE,"0=No seleccionado;1=Seleccionado","No seleccionado","Seleccionado","","","","","","","","","","","","","","","","","","","",NA,NA,NA,NA,NA,NA,NA,NA,NA,NA,NA,NA,NA,NA,"Binaria",""
"41","Q10.4","Alejandro Perez Cuellar (Distrito 04)","Escala 1-2",TRUE,"0=No seleccionado;1=Seleccionado","No seleccionado","Seleccionado","","","","","","","","","","","","","","","","","","","",NA,NA,NA,NA,NA,NA,NA,NA,NA,NA,NA,NA,NA,NA,"Binaria",""
"42","Q11","Que tanto cree que los REGIDORES representan los intereses de los ciudadanos? Califique del 1 al 10, donde 1 es que no representan para nada los intereses y 10 es que representan totalmente los intereses ciudadanos. (NOTA: Un regidor tiene por función","Escala 1-10",TRUE,"1=1;2=2;3=3;4=4;5=5;6=6;7=7;8=8;9=9;10=10","","1","2","3","4","5","6","7","8","9","10","","","","","","","","","","",NA,NA,NA,NA,NA,NA,NA,NA,NA,NA,NA,NA,NA,NA,"Intervalo",""
"43","Q12","¿Que tanto cree que EL/LA SINDICO(A) represente los intereses de los ciudadanos? Califique del 1 al 10, donde 1 es que no representan para nada los intereses y 10 es que representan totalmente los intereses ciudadanos. (NOTA: El síndico tiene por fun","Escala 1-10",TRUE,"1=1;2=2;3=3;4=4;5=5;6=6;7=7;8=8;9=9;10=10","","1","2","3","4","5","6","7","8","9","10","","","","","","","","","","",NA,NA,NA,NA,NA,NA,NA,NA,NA,NA,NA,NA,NA,NA,"Intervalo",""
"44","Q13","¿Que tanto cree que EL/LA DIPUTADO(A) LOCAL represente los intereses de los ciudadanos? Califique del 1 al 10, donde 1 es que no representan para nada los intereses y 10 es que representan totalmente los intereses ciudadanos. (NOTA: Un diputado local","Escala 1-10",TRUE,"1=1;2=2;3=3;4=4;5=5;6=6;7=7;8=8;9=9;10=10","","1","2","3","4","5","6","7","8","9","10","","","","","","","","","","",NA,NA,NA,NA,NA,NA,NA,NA,NA,NA,NA,NA,NA,NA,"Intervalo",""
"45","Q14","¿Que tanto cree que EL/LA DIPUTADO(A) FEDERAL represente los intereses de los ciudadanos? Califique del 1 al 10, donde 1 es que no representan para nada los intereses y 10 es que representan totalmente los intereses ciudadanos. (Nota: Un diputado fede","Escala 1-10",TRUE,"1=1;2=2;3=3;4=4;5=5;6=6;7=7;8=8;9=9;10=10","","1","2","3","4","5","6","7","8","9","10","","","","","","","","","","",NA,NA,NA,NA,NA,NA,NA,NA,NA,NA,NA,NA,NA,NA,"Intervalo",""
"46","Q15.1","Llevo a cabo actos de corrupcion","Escala 1-5",TRUE,"1=Nunca (nunca lo hace);2=Poco (con poca frecuencia);3=Algo (con algo de frecuencia);4=Mucho (con mucha frecuencia);5=NS/NC","","Nunca (nunca lo hace)","Poco (con poca frecuencia)","Algo (con algo de frecuencia)","Mucho (con mucha frecuencia)","NS/NC","","","","","","","","","","","","","","","",NA,NA,NA,NA,NA,NA,NA,NA,NA,NA,NA,NA,NA,NA,"Intervalo",""
"47","Q15.2","Tomo en cuenta a los ciudadanos","Escala 1-5",TRUE,"1=Nunca (nunca lo hace);2=Poco (con poca frecuencia);3=Algo (con algo de frecuencia);4=Mucho (con mucha frecuencia);5=NS/NC","","Nunca (nunca lo hace)","Poco (con poca frecuencia)","Algo (con algo de frecuencia)","Mucho (con mucha frecuencia)","NS/NC","","","","","","","","","","","","","","","",NA,NA,NA,NA,NA,NA,NA,NA,NA,NA,NA,NA,NA,NA,"Intervalo",""
"48","Q15.3","Cumplio con sus compromisos y promesas","Escala 1-5",TRUE,"1=Nunca (nunca lo hace);2=Poco (con poca frecuencia);3=Algo (con algo de frecuencia);4=Mucho (con mucha frecuencia);5=NS/NC","","Nunca (nunca lo hace)","Poco (con poca frecuencia)","Algo (con algo de frecuencia)","Mucho (con mucha frecuencia)","NS/NC","","","","","","","","","","","","","","","",NA,NA,NA,NA,NA,NA,NA,NA,NA,NA,NA,NA,NA,NA,"Intervalo",""
"49","Q15.4","Aplico imparcialmente las leyes","Escala 1-5",TRUE,"1=Nunca (nunca lo hace);2=Poco (con poca frecuencia);3=Algo (con algo de frecuencia);4=Mucho (con mucha frecuencia);5=NS/NC","","Nunca (nunca lo hace)","Poco (con poca frecuencia)","Algo (con algo de frecuencia)","Mucho (con mucha frecuencia)","NS/NC","","","","","","","","","","","","","","","",NA,NA,NA,NA,NA,NA,NA,NA,NA,NA,NA,NA,NA,NA,"Intervalo",""
"50","Q15.5","Rindio cuentas a la ciudadania","Escala 1-5",TRUE,"1=Nunca (nunca lo hace);2=Poco (con poca frecuencia);3=Algo (con algo de frecuencia);4=Mucho (con mucha frecuencia);5=NS/NC","","Nunca (nunca lo hace)","Poco (con poca frecuencia)","Algo (con algo de frecuencia)","Mucho (con mucha frecuencia)","NS/NC","","","","","","","","","","","","","","","",NA,NA,NA,NA,NA,NA,NA,NA,NA,NA,NA,NA,NA,NA,"Intervalo",""
"51","Q16.1","Llevo a cabo actos de corrupcion","Escala 1-5",TRUE,"1=Nunca (nunca lo hace);2=Poco (con poca frecuencia);3=Algo (con algo de frecuencia);4=Mucho (con mucha frecuencia);5=NS/NC;13= ","","Nunca (nunca lo hace)","Poco (con poca frecuencia)","Algo (con algo de frecuencia)","Mucho (con mucha frecuencia)","NS/NC","","","","","","",""," ","","","","","","","",NA,NA,NA,NA,NA,NA,NA,NA,NA,NA,NA,NA,NA,NA,"Intervalo",""
"52","Q16.2","Tomo en cuenta a los ciudadanos","Escala 1-5",TRUE,"1=Nunca (nunca lo hace);2=Poco (con poca frecuencia);3=Algo (con algo de frecuencia);4=Mucho (con mucha frecuencia);5=NS/NC","","Nunca (nunca lo hace)","Poco (con poca frecuencia)","Algo (con algo de frecuencia)","Mucho (con mucha frecuencia)","NS/NC","","","","","","","","","","","","","","","",NA,NA,NA,NA,NA,NA,NA,NA,NA,NA,NA,NA,NA,NA,"Intervalo",""
"53","Q16.3","Cumplio con sus compromisos y promesas","Escala 1-5",TRUE,"1=Nunca (nunca lo hace);2=Poco (con poca frecuencia);3=Algo (con algo de frecuencia);4=Mucho (con mucha frecuencia);5=NS/NC","","Nunca (nunca lo hace)","Poco (con poca frecuencia)","Algo (con algo de frecuencia)","Mucho (con mucha frecuencia)","NS/NC","","","","","","","","","","","","","","","",NA,NA,NA,NA,NA,NA,NA,NA,NA,NA,NA,NA,NA,NA,"Intervalo",""
"54","Q16.4","Aplico imparcialmente las leyes","Escala 1-5",TRUE,"1=Nunca (nunca lo hace);2=Poco (con poca frecuencia);3=Algo (con algo de frecuencia);4=Mucho (con mucha frecuencia);5=NS/NC","","Nunca (nunca lo hace)","Poco (con poca frecuencia)","Algo (con algo de frecuencia)","Mucho (con mucha frecuencia)","NS/NC","","","","","","","","","","","","","","","",NA,NA,NA,NA,NA,NA,NA,NA,NA,NA,NA,NA,NA,NA,"Intervalo",""
"55","Q16.5","Rindio cuentas a la ciudadania","Escala 1-5",TRUE,"1=Nunca (nunca lo hace);2=Poco (con poca frecuencia);3=Algo (con algo de frecuencia);4=Mucho (con mucha frecuencia);5=NS/NC","","Nunca (nunca lo hace)","Poco (con poca frecuencia)","Algo (con algo de frecuencia)","Mucho (con mucha frecuencia)","NS/NC","","","","","","","","","","","","","","","",NA,NA,NA,NA,NA,NA,NA,NA,NA,NA,NA,NA,NA,NA,"Intervalo",""
"56","Q17.1","Llevo a cabo actos de corrupcion","Escala 1-5",TRUE,"1=Nunca (nunca lo hace);2=Poco (con poca frecuencia);3=Algo (con algo de frecuencia);4=Mucho (con mucha frecuencia);5=NS/NC","","Nunca (nunca lo hace)","Poco (con poca frecuencia)","Algo (con algo de frecuencia)","Mucho (con mucha frecuencia)","NS/NC","","","","","","","","","","","","","","","",NA,NA,NA,NA,NA,NA,NA,NA,NA,NA,NA,NA,NA,NA,"Intervalo",""
"57","Q17.2","Tomo en cuenta a los ciudadanos","Escala 1-5",TRUE,"1=Nunca (nunca lo hace);2=Poco (con poca frecuencia);3=Algo (con algo de frecuencia);4=Mucho (con mucha frecuencia);5=NS/NC","","Nunca (nunca lo hace)","Poco (con poca frecuencia)","Algo (con algo de frecuencia)","Mucho (con mucha frecuencia)","NS/NC","","","","","","","","","","","","","","","",NA,NA,NA,NA,NA,NA,NA,NA,NA,NA,NA,NA,NA,NA,"Intervalo",""
"58","Q17.3","Cumplio con sus compromisos y promesas","Escala 1-5",TRUE,"1=Nunca (nunca lo hace);2=Poco (con poca frecuencia);3=Algo (con algo de frecuencia);4=Mucho (con mucha frecuencia);5=NS/NC","","Nunca (nunca lo hace)","Poco (con poca frecuencia)","Algo (con algo de frecuencia)","Mucho (con mucha frecuencia)","NS/NC","","","","","","","","","","","","","","","",NA,NA,NA,NA,NA,NA,NA,NA,NA,NA,NA,NA,NA,NA,"Intervalo",""
"59","Q17.4","Aplico imparcialmente las leyes","Escala 1-5",TRUE,"1=Nunca (nunca lo hace);2=Poco (con poca frecuencia);3=Algo (con algo de frecuencia);4=Mucho (con mucha frecuencia);5=NS/NC","","Nunca (nunca lo hace)","Poco (con poca frecuencia)","Algo (con algo de frecuencia)","Mucho (con mucha frecuencia)","NS/NC","","","","","","","","","","","","","","","",NA,NA,NA,NA,NA,NA,NA,NA,NA,NA,NA,NA,NA,NA,"Intervalo",""
"60","Q17.5","Rindio cuentas a la ciudadania","Escala 1-5",TRUE,"1=Nunca (nunca lo hace);2=Poco (con poca frecuencia);3=Algo (con algo de frecuencia);4=Mucho (con mucha frecuencia);5=NS/NC","","Nunca (nunca lo hace)","Poco (con poca frecuencia)","Algo (con algo de frecuencia)","Mucho (con mucha frecuencia)","NS/NC","","","","","","","","","","","","","","","",NA,NA,NA,NA,NA,NA,NA,NA,NA,NA,NA,NA,NA,NA,"Intervalo",""
"61","Q18","Como calificaria la expectativa que tiene en este momento del gobierno Municipal de Cruz Perez Cuellar, donde 1 es pesimo y 10 es excelente.","Escala 1-10",TRUE,"1=1;2=2;3=3;4=4;5=5;6=6;7=7;8=8;9=9;10=10","","1","2","3","4","5","6","7","8","9","10","","","","","","","","","","",NA,NA,NA,NA,NA,NA,NA,NA,NA,NA,NA,NA,NA,NA,"Intervalo",""
"62","Q19","Como calificaria la expectativa que tiene en este momento del gobierno Estatal de Maru Campos Galvan, donde 1 es pesimo y 10 es excelente.","Escala 1-10",TRUE,"1=1;2=2;3=3;4=4;5=5;6=6;7=7;8=8;9=9;10=10","","1","2","3","4","5","6","7","8","9","10","","","","","","","","","","",NA,NA,NA,NA,NA,NA,NA,NA,NA,NA,NA,NA,NA,NA,"Intervalo",""
"63","Q20","Como calificaria la expectativa que tiene en este momento del gobierno de la Republica de Claudia Sheinbaum Pardo, donde 1 es pesimo y 10 es excelente.","Escala 1-10",TRUE,"1=1;2=2;3=3;4=4;5=5;6=6;7=7;8=8;9=9;10=10","","1","2","3","4","5","6","7","8","9","10","","","","","","","","","","",NA,NA,NA,NA,NA,NA,NA,NA,NA,NA,NA,NA,NA,NA,"Intervalo",""
"64","Q21.1","Diputados","Escala 1-5",TRUE,"1=Mucha desconfianza;2=Algo de desconfianza;3=Algo de confianza;4=Mucha confianza;5=NS/NC","","Mucha desconfianza","Algo de desconfianza","Algo de confianza","Mucha confianza","NS/NC","","","","","","","","","","","","","","","",NA,NA,NA,NA,NA,NA,NA,NA,NA,NA,NA,NA,NA,NA,"Intervalo",""
"65","Q21.2","Prensa local (periódicos)","Escala 1-5",TRUE,"1=Mucha desconfianza;2=Algo de desconfianza;3=Algo de confianza;4=Mucha confianza;5=NS/NC","","Mucha desconfianza","Algo de desconfianza","Algo de confianza","Mucha confianza","NS/NC","","","","","","","","","","","","","","","",NA,NA,NA,NA,NA,NA,NA,NA,NA,NA,NA,NA,NA,NA,"Intervalo",""
"66","Q21.3","Televisoras locales","Escala 1-5",TRUE,"1=Mucha desconfianza;2=Algo de desconfianza;3=Algo de confianza;4=Mucha confianza;5=NS/NC","","Mucha desconfianza","Algo de desconfianza","Algo de confianza","Mucha confianza","NS/NC","","","","","","","","","","","","","","","",NA,NA,NA,NA,NA,NA,NA,NA,NA,NA,NA,NA,NA,NA,"Intervalo",""
"67","Q21.4","Iglesias","Escala 1-5",TRUE,"1=Mucha desconfianza;2=Algo de desconfianza;3=Algo de confianza;4=Mucha confianza;5=NS/NC;7= ","","Mucha desconfianza","Algo de desconfianza","Algo de confianza","Mucha confianza","NS/NC",""," ","","","","","","","","","","","","","",NA,NA,NA,NA,NA,NA,NA,NA,NA,NA,NA,NA,NA,NA,"Intervalo",""
"68","Q21.5","Maestros","Escala 1-5",TRUE,"1=Mucha desconfianza;2=Algo de desconfianza;3=Algo de confianza;4=Mucha confianza;5=NS/NC","","Mucha desconfianza","Algo de desconfianza","Algo de confianza","Mucha confianza","NS/NC","","","","","","","","","","","","","","","",NA,NA,NA,NA,NA,NA,NA,NA,NA,NA,NA,NA,NA,NA,"Intervalo",""
"69","Q21.6","Partidos políticos","Escala 1-5",TRUE,"1=Mucha desconfianza;2=Algo de desconfianza;3=Algo de confianza;4=Mucha confianza;5=NS/NC","","Mucha desconfianza","Algo de desconfianza","Algo de confianza","Mucha confianza","NS/NC","","","","","","","","","","","","","","","",NA,NA,NA,NA,NA,NA,NA,NA,NA,NA,NA,NA,NA,NA,"Intervalo",""
"70","Q21.7","Organizaciones ciudadanas (OSC's)","Escala 1-5",TRUE,"1=Mucha desconfianza;2=Algo de desconfianza;3=Algo de confianza;4=Mucha confianza;5=NS/NC","","Mucha desconfianza","Algo de desconfianza","Algo de confianza","Mucha confianza","NS/NC","","","","","","","","","","","","","","","",NA,NA,NA,NA,NA,NA,NA,NA,NA,NA,NA,NA,NA,NA,"Intervalo",""
"71","Q21.8","Universidades","Escala 1-5",TRUE,"1=Mucha desconfianza;2=Algo de desconfianza;3=Algo de confianza;4=Mucha confianza;5=NS/NC","","Mucha desconfianza","Algo de desconfianza","Algo de confianza","Mucha confianza","NS/NC","","","","","","","","","","","","","","","",NA,NA,NA,NA,NA,NA,NA,NA,NA,NA,NA,NA,NA,NA,"Intervalo",""
"72","Q21.9","Empresarios","Escala 1-5",TRUE,"1=Mucha desconfianza;2=Algo de desconfianza;3=Algo de confianza;4=Mucha confianza;5=NS/NC","","Mucha desconfianza","Algo de desconfianza","Algo de confianza","Mucha confianza","NS/NC","","","","","","","","","","","","","","","",NA,NA,NA,NA,NA,NA,NA,NA,NA,NA,NA,NA,NA,NA,"Intervalo",""
"73","Q21.10","Policía municipal","Escala 1-5",TRUE,"1=Mucha desconfianza;2=Algo de desconfianza;3=Algo de confianza;4=Mucha confianza;5=NS/NC","","Mucha desconfianza","Algo de desconfianza","Algo de confianza","Mucha confianza","NS/NC","","","","","","","","","","","","","","","",NA,NA,NA,NA,NA,NA,NA,NA,NA,NA,NA,NA,NA,NA,"Intervalo",""
"74","Q21.11","Tránsito municipal","Escala 1-5",TRUE,"1=Mucha desconfianza;2=Algo de desconfianza;3=Algo de confianza;4=Mucha confianza;5=NS/NC","","Mucha desconfianza","Algo de desconfianza","Algo de confianza","Mucha confianza","NS/NC","","","","","","","","","","","","","","","",NA,NA,NA,NA,NA,NA,NA,NA,NA,NA,NA,NA,NA,NA,"Intervalo",""
"75","Q21.12","Policía ministerial","Escala 1-5",TRUE,"1=Mucha desconfianza;2=Algo de desconfianza;3=Algo de confianza;4=Mucha confianza;5=NS/NC","","Mucha desconfianza","Algo de desconfianza","Algo de confianza","Mucha confianza","NS/NC","","","","","","","","","","","","","","","",NA,NA,NA,NA,NA,NA,NA,NA,NA,NA,NA,NA,NA,NA,"Intervalo",""
"76","Q21.13","Policía estatal","Escala 1-5",TRUE,"1=Mucha desconfianza;2=Algo de desconfianza;3=Algo de confianza;4=Mucha confianza;5=NS/NC","","Mucha desconfianza","Algo de desconfianza","Algo de confianza","Mucha confianza","NS/NC","","","","","","","","","","","","","","","",NA,NA,NA,NA,NA,NA,NA,NA,NA,NA,NA,NA,NA,NA,"Intervalo",""
"77","Q21.14","Ejército","Escala 1-5",TRUE,"1=Mucha desconfianza;2=Algo de desconfianza;3=Algo de confianza;4=Mucha confianza;5=NS/NC","","Mucha desconfianza","Algo de desconfianza","Algo de confianza","Mucha confianza","NS/NC","","","","","","","","","","","","","","","",NA,NA,NA,NA,NA,NA,NA,NA,NA,NA,NA,NA,NA,NA,"Intervalo",""
"78","Q21.15","Guardia nacional","Escala 1-5",TRUE,"1=Mucha desconfianza;2=Algo de desconfianza;3=Algo de confianza;4=Mucha confianza;5=NS/NC","","Mucha desconfianza","Algo de desconfianza","Algo de confianza","Mucha confianza","NS/NC","","","","","","","","","","","","","","","",NA,NA,NA,NA,NA,NA,NA,NA,NA,NA,NA,NA,NA,NA,"Intervalo",""
"79","Q21.16","Jueces o magistrados","Escala 1-5",TRUE,"1=Mucha desconfianza;2=Algo de desconfianza;3=Algo de confianza;4=Mucha confianza;5=NS/NC","","Mucha desconfianza","Algo de desconfianza","Algo de confianza","Mucha confianza","NS/NC","","","","","","","","","","","","","","","",NA,NA,NA,NA,NA,NA,NA,NA,NA,NA,NA,NA,NA,NA,"Intervalo",""
"80","Q21.17","Presidente municipal(Cruz Pérez Cuellar)","Escala 1-5",TRUE,"1=Mucha desconfianza;2=Algo de desconfianza;3=Algo de confianza;4=Mucha confianza;5=NS/NC","","Mucha desconfianza","Algo de desconfianza","Algo de confianza","Mucha confianza","NS/NC","","","","","","","","","","","","","","","",NA,NA,NA,NA,NA,NA,NA,NA,NA,NA,NA,NA,NA,NA,"Intervalo",""
"81","Q21.18","Regidores","Escala 1-5",TRUE,"1=Mucha desconfianza;2=Algo de desconfianza;3=Algo de confianza;4=Mucha confianza;5=NS/NC","","Mucha desconfianza","Algo de desconfianza","Algo de confianza","Mucha confianza","NS/NC","","","","","","","","","","","","","","","",NA,NA,NA,NA,NA,NA,NA,NA,NA,NA,NA,NA,NA,NA,"Intervalo",""
"82","Q21.19","Síndico/a","Escala 1-5",TRUE,"1=Mucha desconfianza;2=Algo de desconfianza;3=Algo de confianza;4=Mucha confianza;5=NS/NC","","Mucha desconfianza","Algo de desconfianza","Algo de confianza","Mucha confianza","NS/NC","","","","","","","","","","","","","","","",NA,NA,NA,NA,NA,NA,NA,NA,NA,NA,NA,NA,NA,NA,"Intervalo",""
"83","Q21.20","Funcionarios del gobierno municipal","Escala 1-5",TRUE,"1=Mucha desconfianza;2=Algo de desconfianza;3=Algo de confianza;4=Mucha confianza;5=NS/NC","","Mucha desconfianza","Algo de desconfianza","Algo de confianza","Mucha confianza","NS/NC","","","","","","","","","","","","","","","",NA,NA,NA,NA,NA,NA,NA,NA,NA,NA,NA,NA,NA,NA,"Intervalo",""
"84","Q21.21","Gobernador/a (Maru Campos)","Escala 1-5",TRUE,"1=Mucha desconfianza;2=Algo de desconfianza;3=Algo de confianza;4=Mucha confianza;5=NS/NC","","Mucha desconfianza","Algo de desconfianza","Algo de confianza","Mucha confianza","NS/NC","","","","","","","","","","","","","","","",NA,NA,NA,NA,NA,NA,NA,NA,NA,NA,NA,NA,NA,NA,"Intervalo",""
"85","Q21.22","Funcionarios del gobierno del estado","Escala 1-5",TRUE,"1=Mucha desconfianza;2=Algo de desconfianza;3=Algo de confianza;4=Mucha confianza;5=NS/NC","","Mucha desconfianza","Algo de desconfianza","Algo de confianza","Mucha confianza","NS/NC","","","","","","","","","","","","","","","",NA,NA,NA,NA,NA,NA,NA,NA,NA,NA,NA,NA,NA,NA,"Intervalo",""
"86","Q21.23","Presidente de la república (Claudia Sheinbaum)","Escala 1-5",TRUE,"1=Mucha desconfianza;2=Algo de desconfianza;3=Algo de confianza;4=Mucha confianza;5=NS/NC","","Mucha desconfianza","Algo de desconfianza","Algo de confianza","Mucha confianza","NS/NC","","","","","","","","","","","","","","","",NA,NA,NA,NA,NA,NA,NA,NA,NA,NA,NA,NA,NA,NA,"Intervalo",""
"87","Q21.24","Funcionarios del gobierno federal","Escala 1-5",TRUE,"1=Mucha desconfianza;2=Algo de desconfianza;3=Algo de confianza;4=Mucha confianza;5=NS/NC","","Mucha desconfianza","Algo de desconfianza","Algo de confianza","Mucha confianza","NS/NC","","","","","","","","","","","","","","","",NA,NA,NA,NA,NA,NA,NA,NA,NA,NA,NA,NA,NA,NA,"Intervalo",""
"88","Q22","Durante 2024, ¿realizo algun tramite ante el gobierno municipal? (PREDIAL, LICENCIA DE FUNCIONAMIENTO, USO DE SUELO, CARTA DE RESIDENCIA, PAGO DE MULTAS, ESTACIONÓMETROS, SERVICIOS PÚBLICOS, PERMISO DE CONSTRUCCIÓN, OTRO TRÁMITE MUNICIPAL)","Escala 1-2",TRUE,"1=Sí realizó por lo menos 1 trámite ante gobierno municipal;2=No realizó trámites municipales","","Sí realizó por lo menos 1 trámite ante gobierno municipal","No realizó trámites municipales","","","","","","","","","","","","","","","","","","",NA,NA,NA,NA,NA,NA,NA,NA,NA,NA,NA,NA,NA,NA,"Binaria",""
"89","Q23","Durante el 2024, Cuantos tramites ante el Gobierno MUNICIPAL hizo durante este tiempo?","Texto",FALSE,"","","","","","","","","","","","","","","","","","","","","","",NA,NA,NA,NA,NA,NA,NA,NA,NA,NA,NA,NA,NA,NA,"Razon",""
"90","Q24","Durante 2024, ¿realizó trámite de PREDIAL?","Escala 1-2",TRUE,"1=No;2=Sí, especifique cuántos trámites","","No","Sí, especifique cuántos trámites","","","","","","","","","","","","","","","","","","",NA,NA,NA,NA,NA,NA,NA,NA,NA,NA,NA,NA,NA,NA,"Binaria","0= NS/NC"
"91","Q24.1.1","Other","Texto",FALSE,"","","","","","","","","","","","","","","","","","","","","","",NA,NA,NA,NA,NA,NA,NA,NA,NA,NA,NA,NA,NA,NA,"Razon",""
"92","Q25","Durante 2024, ¿dio mordida o soborno para realizar el trámite? PREDIAL","Escala 1-2",TRUE,"1=No;2=Sí, especifique cuántas veces dio mordida","","No","Sí, especifique cuántas veces dio mordida","","","","","","","","","","","","","","","","","","",NA,NA,NA,NA,NA,NA,NA,NA,NA,NA,NA,NA,NA,NA,"Binaria",""
"93","Q25.1.1","Other","Texto",FALSE,"","","","","","","","","","","","","","","","","","","","","","",NA,NA,NA,NA,NA,NA,NA,NA,NA,NA,NA,NA,NA,NA,"Razon",""
"94","Q26","En total, Cuanto dinero dio en sobornos por PREDIAL","Texto",FALSE,"","","","","","","","","","","","","","","","","","","","","","",NA,NA,NA,NA,NA,NA,NA,NA,NA,NA,NA,NA,NA,NA,"Razon",""
"95","Q27","Durante 2024, ¿realizó trámite de LICENCIA DE FUNCIONAMIENTO?"," Escala 1-2",TRUE,"1=No;2=Sí, especifique cuántos trámites:","","No","Sí, especifique cuántos trámites:","","","","","","","","","","","","","","","","","","",NA,NA,NA,NA,NA,NA,NA,NA,NA,NA,NA,NA,NA,NA,"Binaria","0= NS/NC"
"96","Q27.1.1","Other","Texto",FALSE,"","","","","","","","","","","","","","","","","","","","","","",NA,NA,NA,NA,NA,NA,NA,NA,NA,NA,NA,NA,NA,NA,"Razon",""
"97","Q28","Durante 2024, ¿dio mordida o soborno para realizar el trámite? LICENCIA DE FUNCIONAMIENTO","Escala 1-2",TRUE,"1=No;2=Sí, especifique cuántas veces dio mordida:","","No","Sí, especifique cuántas veces dio mordida:","","","","","","","","","","","","","","","","","","",NA,NA,NA,NA,NA,NA,NA,NA,NA,NA,NA,NA,NA,NA,"Binaria",""
"98","Q28.1.1","Other","Texto",FALSE,"","","","","","","","","","","","","","","","","","","","","","",NA,NA,NA,NA,NA,NA,NA,NA,NA,NA,NA,NA,NA,NA,"Razon",""
"99","Q29","En total, cuanto dinero dio en sobornos por LICENCIA DE FUNCIONAMIENTO","Texto",FALSE,"","","","","","","","","","","","","","","","","","","","","","",NA,NA,NA,NA,NA,NA,NA,NA,NA,NA,NA,NA,NA,NA,"Razon",""
"100","Q30","Durante 2024, Realizó trámite de USO DE SUELO?","Escala 1-2",TRUE,"1=No;2=Sí, especifique cuántos trámites:","","No","Sí, especifique cuántos trámites:","","","","","","","","","","","","","","","","","","",NA,NA,NA,NA,NA,NA,NA,NA,NA,NA,NA,NA,NA,NA,"Binaria","0= NS/NC"
"101","Q30.1.1","Other","Texto",FALSE,"","","","","","","","","","","","","","","","","","","","","","",NA,NA,NA,NA,NA,NA,NA,NA,NA,NA,NA,NA,NA,NA,"Razon",""
"102","Q31","Durante 2024, dio mordida o soborno para realizar el trámite? USO DE SUELO","Escala 1-2",TRUE,"1=No;2=Sí, especifique cuántas veces dio mordida","","No","Sí, especifique cuántas veces dio mordida","","","","","","","","","","","","","","","","","","",NA,NA,NA,NA,NA,NA,NA,NA,NA,NA,NA,NA,NA,NA,"Binaria","0= NS/NC"
"103","Q31.1.1","Other","Texto",FALSE,"","","","","","","","","","","","","","","","","","","","","","",NA,NA,NA,NA,NA,NA,NA,NA,NA,NA,NA,NA,NA,NA,"Razon",""
"104","Q32","En total, cuanto dinero dio en soborno por USO DE SUELO","Texto",FALSE,"","","","","","","","","","","","","","","","","","","","","","",NA,NA,NA,NA,NA,NA,NA,NA,NA,NA,NA,NA,NA,NA,"Necesita Clasificacion","Vacía"
"105","Q33","Durante 2024, ¿realizó trámite de CARTA DE RESIDENCIA?","Escala 1-2",TRUE,"1=No;2=Sí, especifique cuántos trámites","","No","Sí, especifique cuántos trámites","","","","","","","","","","","","","","","","","","",NA,NA,NA,NA,NA,NA,NA,NA,NA,NA,NA,NA,NA,NA,"Binaria","0= NS/NC"
"106","Q33.1.1","Other","Texto",FALSE,"","","","","","","","","","","","","","","","","","","","","","",NA,NA,NA,NA,NA,NA,NA,NA,NA,NA,NA,NA,NA,NA,"Razon",""
"107","Q34","Durante 2024, ¿dio mordida o soborno para realizar el trámite? CARTA DE RESIDENCIA","Escala 1-2",TRUE,"1=No;2=Sí, especifique cuántas veces dio mordida","","No","Sí, especifique cuántas veces dio mordida","","","","","","","","","","","","","","","","","","",NA,NA,NA,NA,NA,NA,NA,NA,NA,NA,NA,NA,NA,NA,"Binaria",""
"108","Q34.1.1","Other","Texto",FALSE,"","","","","","","","","","","","","","","","","","","","","","",NA,NA,NA,NA,NA,NA,NA,NA,NA,NA,NA,NA,NA,NA,"Razon",""
"109","Q35","En total, cuanto dinero dio en sobornos CARTA DE RESIDENCIA","Texto",FALSE,"","","","","","","","","","","","","","","","","","","","","","",NA,NA,NA,NA,NA,NA,NA,NA,NA,NA,NA,NA,NA,NA,"Razon",""
"110","Q36","Durante 2024, ¿realizó trámite de PAGO DE MULTAS?","Escala 1-2",TRUE,"1=No;2=Sí, especifique cuántos trámites","","No","Sí, especifique cuántos trámites","","","","","","","","","","","","","","","","","","",NA,NA,NA,NA,NA,NA,NA,NA,NA,NA,NA,NA,NA,NA,"Binaria","0= NS/NC"
"111","Q36.1.1","Other","Texto",FALSE,"","","","","","","","","","","","","","","","","","","","","","",NA,NA,NA,NA,NA,NA,NA,NA,NA,NA,NA,NA,NA,NA,"Razon",""
"112","Q37","Durante 2024, ¿dio mordida o soborno para realizar el trámite? PAGO DE MULTAS","Escala 1-2",TRUE,"1=No;2=Sí, especifique cuántas veces dio mordida","","No","Sí, especifique cuántas veces dio mordida","","","","","","","","","","","","","","","","","","",NA,NA,NA,NA,NA,NA,NA,NA,NA,NA,NA,NA,NA,NA,"Binaria",""
"113","Q37.1.1","Other","Texto",FALSE,"","","","","","","","","","","","","","","","","","","","","","",NA,NA,NA,NA,NA,NA,NA,NA,NA,NA,NA,NA,NA,NA,"Razon",""
"114","Q38","En total, cuanto dinero dio en sobornos por PAGO DE MULTAS","Texto",FALSE,"","","","","","","","","","","","","","","","","","","","","","",NA,NA,NA,NA,NA,NA,NA,NA,NA,NA,NA,NA,NA,NA,"Razon",""
"115","Q39","Durante 2024, ¿realizó trámite de ESTACIONÓMETROS?","Escala 1-2",TRUE,"1=No;2=Sí, especifique cuántos trámites","","No","Sí, especifique cuántos trámites","","","","","","","","","","","","","","","","","","",NA,NA,NA,NA,NA,NA,NA,NA,NA,NA,NA,NA,NA,NA,"Binaria","0= NS/NC"
"116","Q39.1.1","Other","Texto",FALSE,"","","","","","","","","","","","","","","","","","","","","","",NA,NA,NA,NA,NA,NA,NA,NA,NA,NA,NA,NA,NA,NA,"Razon",""
"117","Q40","Durante 2024, ¿dio mordida o soborno para realizar el trámite? ESTACIONÓMETROS","Escala 1-2",TRUE,"1=No;2=Sí, especifique cuántas veces dio mordida","","No","Sí, especifique cuántas veces dio mordida","","","","","","","","","","","","","","","","","","",NA,NA,NA,NA,NA,NA,NA,NA,NA,NA,NA,NA,NA,NA,"Binaria",""
"118","Q40.1.1","Other","Texto",FALSE,"","","","","","","","","","","","","","","","","","","","","","",NA,NA,NA,NA,NA,NA,NA,NA,NA,NA,NA,NA,NA,NA,"Razon",""
"119","Q41","En total, cuanto dinero dio en sobornos por ESTACIONÓMETROS","Texto",FALSE,"","","","","","","","","","","","","","","","","","","","","","",NA,NA,NA,NA,NA,NA,NA,NA,NA,NA,NA,NA,NA,NA,"Razon",""
"120","Q42","Durante 2024, ¿realizó trámite de SERVICIOS PÚBLICOS (LIMPIA, LUZ, PARQUES)?","Escala 1-2",TRUE,"1=No;2=Sí, especifique cuántos trámites","","No","Sí, especifique cuántos trámites","","","","","","","","","","","","","","","","","","",NA,NA,NA,NA,NA,NA,NA,NA,NA,NA,NA,NA,NA,NA,"Binaria","0= NS/NC"
"121","Q42.1.1","Other","Texto",FALSE,"","","","","","","","","","","","","","","","","","","","","","",NA,NA,NA,NA,NA,NA,NA,NA,NA,NA,NA,NA,NA,NA,"Razon",""
"122","Q43","Durante 2024, ¿dio mordida o soborno para realizar el trámite? SERVICIOS PÚBLICOS (LIMPIA, LUZ, PARQUES)","Escala 1-2",TRUE,"1=No;2=Sí, especifique cuántas veces dio mordida","","No","Sí, especifique cuántas veces dio mordida","","","","","","","","","","","","","","","","","","",NA,NA,NA,NA,NA,NA,NA,NA,NA,NA,NA,NA,NA,NA,"Binaria",""
"123","Q43.1.1","Other","Texto",FALSE,"","","","","","","","","","","","","","","","","","","","","","",NA,NA,NA,NA,NA,NA,NA,NA,NA,NA,NA,NA,NA,NA,"Razon",""
"124","Q44","En total, cuanto dinero dio en sobornos por SERVICIOS PÚBLICOS (LIMPIA, LUZ, PARQUES)","Texto",FALSE,"","","","","","","","","","","","","","","","","","","","","","",NA,NA,NA,NA,NA,NA,NA,NA,NA,NA,NA,NA,NA,NA,"Razon",""
"125","Q45","Durante 2024, ¿realizó trámite de PERMISO DE CONSTRUCCIÓN?","Escala 1-2",TRUE,"1=No;2=Sí, especifique cuántos trámites","","No","Sí, especifique cuántos trámites","","","","","","","","","","","","","","","","","","",NA,NA,NA,NA,NA,NA,NA,NA,NA,NA,NA,NA,NA,NA,"Binaria","0= NS/NC"
"126","Q45.1.1","Other","Texto",FALSE,"","","","","","","","","","","","","","","","","","","","","","",NA,NA,NA,NA,NA,NA,NA,NA,NA,NA,NA,NA,NA,NA,"Razon",""
"127","Q46","Durante 2024, ¿dio mordida o soborno para realizar el trámite? PERMISO DE CONSTRUCCIÓN","Escala 1-2",TRUE,"1=No;2=Sí, especifique cuántas veces dio mordida","","No","Sí, especifique cuántas veces dio mordida","","","","","","","","","","","","","","","","","","",NA,NA,NA,NA,NA,NA,NA,NA,NA,NA,NA,NA,NA,NA,"Binaria",""
"128","Q46.1.1","Other","Texto",FALSE,"","","","","","","","","","","","","","","","","","","","","","",NA,NA,NA,NA,NA,NA,NA,NA,NA,NA,NA,NA,NA,NA,"Razon",""
"129","Q47","En total, cuanto dinero dio en sobornos por PERMISO DE CONSTRUCCIÓN","Texto",FALSE,"","","","","","","","","","","","","","","","","","","","","","",NA,NA,NA,NA,NA,NA,NA,NA,NA,NA,NA,NA,NA,NA,"Razon",""
"130","Q48","Durante 2024, ¿realizó Trámites/ denuncias por delitos ambientales? DIRECCIÓN DE ECOLOGÍA","Escala 1-2",TRUE,"1=No;2=Sí, especifique cuántos trámites","","No","Sí, especifique cuántos trámites","","","","","","","","","","","","","","","","","","",NA,NA,NA,NA,NA,NA,NA,NA,NA,NA,NA,NA,NA,NA,"Binaria","0= NS/NC"
"131","Q48.1.1","Other","Texto",FALSE,"","","","","","","","","","","","","","","","","","","","","","",NA,NA,NA,NA,NA,NA,NA,NA,NA,NA,NA,NA,NA,NA,"Razon",""
"132","Q49","Durante 2024, ¿dio mordida o soborno para realizar Trámites/ denuncias por delitos ambientales? DIRECCIÓN DE ECOLOGÍA","Escala 1-2",TRUE,"1=No;2=Sí, especifique cuántos trámites","","No","Sí, especifique cuántos trámites","","","","","","","","","","","","","","","","","","",NA,NA,NA,NA,NA,NA,NA,NA,NA,NA,NA,NA,NA,NA,"Binaria","0= NS/NC"
"133","Q49.1.1","Other","Texto",FALSE,"","","","","","","","","","","","","","","","","","","","","","",NA,NA,NA,NA,NA,NA,NA,NA,NA,NA,NA,NA,NA,NA,"Razon",""
"134","Q50","En total, cuanto dinero dio en sobornos por tramites/ multas medioambientales en DIRECCIÓN DE ECOLOGÍA","Texto",FALSE,"","","","","","","","","","","","","","","","","","","","","","",NA,NA,NA,NA,NA,NA,NA,NA,NA,NA,NA,NA,NA,NA,"Razon",""
"135","Q51","Durante 2024, ¿realizó OTROS TRÁMITES MUNICIPALES?","Escala 1-2",TRUE,"1=No;2=Sí, especifique cuántos trámites","","No","Sí, especifique cuántos trámites","","","","","","","","","","","","","","","","","","",NA,NA,NA,NA,NA,NA,NA,NA,NA,NA,NA,NA,NA,NA,"Binaria",""
"136","Q51.1.1","Other","Texto",FALSE,"","","","","","","","","","","","","","","","","","","","","","",NA,NA,NA,NA,NA,NA,NA,NA,NA,NA,NA,NA,NA,NA,"Razon",""
"137","Q52","¿Cuál es el o los otros trámites municipales que realizó? (Escriba nombre de los trámites municipales).","Texto",FALSE,"","","","","","","","","","","","","","","","","","","","","","",NA,NA,NA,NA,NA,NA,NA,NA,NA,NA,NA,NA,NA,NA,"Nominal (Abierta)",""
"138","Q53","Durante 2024, ¿dio mordida o soborno para realizar el trámite? OTROS TRÁMITES MUNICIPALES","Escala 1-2",TRUE,"1=No;2=Sí, especifique cuántas veces dio mordida","","No","Sí, especifique cuántas veces dio mordida","","","","","","","","","","","","","","","","","","",NA,NA,NA,NA,NA,NA,NA,NA,NA,NA,NA,NA,NA,NA,"Binaria",""
"139","Q53.1.1","Other","Texto",FALSE,"","","","","","","","","","","","","","","","","","","","","","",NA,NA,NA,NA,NA,NA,NA,NA,NA,NA,NA,NA,NA,NA,"Razon",""
"140","Q54","En total, cuanto dinero dio en sobornos por estos OTROS TRÁMITES MUNICIPALES","Texto",FALSE,"","","","","","","","","","","","","","","","","","","","","","",NA,NA,NA,NA,NA,NA,NA,NA,NA,NA,NA,NA,NA,NA,"Razon",""
"141","Q55","Durante 2024, ¿realizó por lo menos 1 trámite ante gobierno estatal? (LICENCIA DE CONDUCIR, REGISTRO DE LA PROPIEDAD, PERMISO DE GOBERNACIÓN, IMPUESTO SOBRE NÓMINAS, RECAUDACIÓN DE RENTAS, SERVICIOS EDUCATIVOS, JMAS, OTRO TRÁMITE ESTATAL)","Escala 1-2",TRUE,"1=Sí realizó por lo menos 1 trámite ante gobierno estatal;2=No realizó trámites estatales","","Sí realizó por lo menos 1 trámite ante gobierno estatal","No realizó trámites estatales","","","","","","","","","","","","","","","","","","",NA,NA,NA,NA,NA,NA,NA,NA,NA,NA,NA,NA,NA,NA,"Binaria",""
"142","Q56","Durante el 2024, Cuantos tramites ante el Gobierno ESTATAL hizo durante este tiempo?","Texto",FALSE,"","","","","","","","","","","","","","","","","","","","","","",NA,NA,NA,NA,NA,NA,NA,NA,NA,NA,NA,NA,NA,NA,"Razon",""
"143","Q57","Durante 2024, ¿realizó trámites de LICENCIA DE CONDUCIR?","Escala 1-2",TRUE,"1=No;2=Sí, especifique cuántos trámites","","No","Sí, especifique cuántos trámites","","","","","","","","","","","","","","","","","","",NA,NA,NA,NA,NA,NA,NA,NA,NA,NA,NA,NA,NA,NA,"Binaria","0= NS/NC"
"144","Q57.1.1","Other","Texto",FALSE,"","","","","","","","","","","","","","","","","","","","","","",NA,NA,NA,NA,NA,NA,NA,NA,NA,NA,NA,NA,NA,NA,"Razon",""
"145","Q58","Durante 2024, ¿dio mordida o soborno para realizar el trámite? LICENCIA DE CONDUCIR","Escala 1-2",TRUE,"1=No;2=Sí, especifique cuántas veces dio mordida","","No","Sí, especifique cuántas veces dio mordida","","","","","","","","","","","","","","","","","","",NA,NA,NA,NA,NA,NA,NA,NA,NA,NA,NA,NA,NA,NA,"Binaria",""
"146","Q58.1.1","Other","Texto",FALSE,"","","","","","","","","","","","","","","","","","","","","","",NA,NA,NA,NA,NA,NA,NA,NA,NA,NA,NA,NA,NA,NA,"Razon",""
"147","Q59","En total, cuanto dinero dio en sobornos por LICENCIA DE CONDUCIR","Texto",FALSE,"","","","","","","","","","","","","","","","","","","","","","",NA,NA,NA,NA,NA,NA,NA,NA,NA,NA,NA,NA,NA,NA,"Razon",""
"148","Q60","Durante 2024, ¿realizó trámites de REGISTRO PÚBLICO DE LA PROPIEDAD?","Escala 1-2",TRUE,"1=No;2=Sí, especifique cuántos trámites","","No","Sí, especifique cuántos trámites","","","","","","","","","","","","","","","","","","",NA,NA,NA,NA,NA,NA,NA,NA,NA,NA,NA,NA,NA,NA,"Binaria","0= NS/NC"
"149","Q60.1.1","Other","Texto",FALSE,"","","","","","","","","","","","","","","","","","","","","","",NA,NA,NA,NA,NA,NA,NA,NA,NA,NA,NA,NA,NA,NA,"Razon",""
"150","Q61","Durante 2024, ¿dio mordida o soborno para realizar el trámite? REGISTRO PÚBLICO DE LA PROPIEDAD","Escala 1-2",TRUE,"1=No;2=Sí, especifique cuántas veces dio mordida","","No","Sí, especifique cuántas veces dio mordida","","","","","","","","","","","","","","","","","","",NA,NA,NA,NA,NA,NA,NA,NA,NA,NA,NA,NA,NA,NA,"Binaria",""
"151","Q61.1.1","Other","Texto",FALSE,"","","","","","","","","","","","","","","","","","","","","","",NA,NA,NA,NA,NA,NA,NA,NA,NA,NA,NA,NA,NA,NA,"Razon",""
"152","Q62","En total, cuanto dinero dio en sobornos por REGISTRO PÚBLICO DE LA PROPIEDAD","Texto",FALSE,"","","","","","","","","","","","","","","","","","","","","","",NA,NA,NA,NA,NA,NA,NA,NA,NA,NA,NA,NA,NA,NA,"Razon",""
"153","Q63","Durante 2024, ¿realizó trámites de PERMISOS DE GOBERNACIÓN?","Escala 1-2",TRUE,"1=No;2=Sí, especifique cuántos trámites","","No","Sí, especifique cuántos trámites","","","","","","","","","","","","","","","","","","",NA,NA,NA,NA,NA,NA,NA,NA,NA,NA,NA,NA,NA,NA,"Binaria","0= NS/NC"
"154","Q63.1.1","Other","Texto",FALSE,"","","","","","","","","","","","","","","","","","","","","","",NA,NA,NA,NA,NA,NA,NA,NA,NA,NA,NA,NA,NA,NA,"Razon",""
"155","Q64","Durante 2024, ¿dio mordida o soborno para realizar el trámite? PERMISOS DE GOBERNACIÓN","Escala 1-2",TRUE,"1=No;2=Sí, especifique cuántas veces dio mordida","","No","Sí, especifique cuántas veces dio mordida","","","","","","","","","","","","","","","","","","",NA,NA,NA,NA,NA,NA,NA,NA,NA,NA,NA,NA,NA,NA,"Binaria",""
"156","Q64.1.1","Other","Texto",FALSE,"","","","","","","","","","","","","","","","","","","","","","",NA,NA,NA,NA,NA,NA,NA,NA,NA,NA,NA,NA,NA,NA,"Razon",""
"157","Q65","En total, cuanto dinero dio en sobornos por PERMISOS DE GOBERNACIÓN","Texto",FALSE,"","","","","","","","","","","","","","","","","","","","","","",NA,NA,NA,NA,NA,NA,NA,NA,NA,NA,NA,NA,NA,NA,"Razon",""
"158","Q66","Durante 2024, ¿realizó trámites de IMPUESTO SOBRE NÓMINAS?","Escala 1-2",TRUE,"1=No;2=Sí, especifique cuántos trámites","","No","Sí, especifique cuántos trámites","","","","","","","","","","","","","","","","","","",NA,NA,NA,NA,NA,NA,NA,NA,NA,NA,NA,NA,NA,NA,"Binaria","0= NS/NC"
"159","Q66.1.1","Other","Texto",FALSE,"","","","","","","","","","","","","","","","","","","","","","",NA,NA,NA,NA,NA,NA,NA,NA,NA,NA,NA,NA,NA,NA,"Razon",""
"160","Q67","Durante 2024, ¿dio mordida o soborno para realizar el trámite? IMPUESTO SOBRE NÓMINAS","Escala 1-2",TRUE,"1=No;2=Sí, especifique cuántas veces dio mordida","","No","Sí, especifique cuántas veces dio mordida","","","","","","","","","","","","","","","","","","",NA,NA,NA,NA,NA,NA,NA,NA,NA,NA,NA,NA,NA,NA,"Binaria",""
"161","Q67.1.1","Other","Texto",FALSE,"","","","","","","","","","","","","","","","","","","","","","",NA,NA,NA,NA,NA,NA,NA,NA,NA,NA,NA,NA,NA,NA,"Razon",""
"162","Q68","En total, cuanto dinero dio en sobornos por IMPUESTO SOBRE NÓMINAS","Texto",FALSE,"","","","","","","","","","","","","","","","","","","","","","",NA,NA,NA,NA,NA,NA,NA,NA,NA,NA,NA,NA,NA,NA,"Razon",""
"163","Q69","Durante 2024, ¿realizó trámites de RECAUDACIÓN DE RENTAS?","Escala 1-2",TRUE,"1=No;2=Sí, especifique cuántos trámites","","No","Sí, especifique cuántos trámites","","","","","","","","","","","","","","","","","","",NA,NA,NA,NA,NA,NA,NA,NA,NA,NA,NA,NA,NA,NA,"Binaria","0= NS/NC"
"164","Q69.1.1","Other","Texto",FALSE,"","","","","","","","","","","","","","","","","","","","","","",NA,NA,NA,NA,NA,NA,NA,NA,NA,NA,NA,NA,NA,NA,"Razon",""
"165","Q70","Durante 2024, ¿dio mordida o soborno para realizar el trámite? RECAUDACIÓN DE RENTAS","Escala 1-2",TRUE,"1=No;2=Sí, especifique cuántas veces dio mordida","","No","Sí, especifique cuántas veces dio mordida","","","","","","","","","","","","","","","","","","",NA,NA,NA,NA,NA,NA,NA,NA,NA,NA,NA,NA,NA,NA,"Binaria",""
"166","Q70.1.1","Other","Texto",FALSE,"","","","","","","","","","","","","","","","","","","","","","",NA,NA,NA,NA,NA,NA,NA,NA,NA,NA,NA,NA,NA,NA,"Razon",""
"167","Q71","En total, cuanto dinero dio en sobornos por RECAUDACIÓN DE RENTAS","Texto",FALSE,"","","","","","","","","","","","","","","","","","","","","","",NA,NA,NA,NA,NA,NA,NA,NA,NA,NA,NA,NA,NA,NA,"Razon",""
"168","Q72","Durante 2024, ¿realizó trámites de SERVICIOS EDUCATIVOS?","Escala 1-2",TRUE,"1=No;2=Sí, especifique cuántos trámites","","No","Sí, especifique cuántos trámites","","","","","","","","","","","","","","","","","","",NA,NA,NA,NA,NA,NA,NA,NA,NA,NA,NA,NA,NA,NA,"Binaria","0= NS/NC"
"169","Q72.1.1","Other","Texto",FALSE,"","","","","","","","","","","","","","","","","","","","","","",NA,NA,NA,NA,NA,NA,NA,NA,NA,NA,NA,NA,NA,NA,"Razon",""
"170","Q73","Durante 2024, ¿dio mordida o soborno para realizar el trámite? SERVICIOS EDUCATIVOS","Escala 1-2",TRUE,"1=No;2=Sí, especifique cuántas veces dio mordida","","No","Sí, especifique cuántas veces dio mordida","","","","","","","","","","","","","","","","","","",NA,NA,NA,NA,NA,NA,NA,NA,NA,NA,NA,NA,NA,NA,"Binaria",""
"171","Q73.1.1","Other","Texto",FALSE,"","","","","","","","","","","","","","","","","","","","","","",NA,NA,NA,NA,NA,NA,NA,NA,NA,NA,NA,NA,NA,NA,"Razon",""
"172","Q74","En total, cuanto dinero dio en sobornos por SERVICIOS EDUCATIVOS","Texto",FALSE,"","","","","","","","","","","","","","","","","","","","","","",NA,NA,NA,NA,NA,NA,NA,NA,NA,NA,NA,NA,NA,NA,"Razon",""
"173","Q75","Durante 2024, ¿realizó trámites de JMAS (reconexión)?","Escala 1-2",TRUE,"1=No;2=Sí, especifique cuántos trámites","","No","Sí, especifique cuántos trámites","","","","","","","","","","","","","","","","","","",NA,NA,NA,NA,NA,NA,NA,NA,NA,NA,NA,NA,NA,NA,"Binaria","0= NS/NC"
"174","Q75.1.1","Other","Texto",FALSE,"","","","","","","","","","","","","","","","","","","","","","",NA,NA,NA,NA,NA,NA,NA,NA,NA,NA,NA,NA,NA,NA,"Razon",""
"175","Q76","Durante 2024, ¿dio mordida o soborno para realizar el trámite? JMAS (reconexión)","Escala 1-2",TRUE,"1=No;2=Sí, especifique cuántas veces dio mordida","","No","Sí, especifique cuántas veces dio mordida","","","","","","","","","","","","","","","","","","",NA,NA,NA,NA,NA,NA,NA,NA,NA,NA,NA,NA,NA,NA,"Binaria",""
"176","Q76.1.1","Other","Texto",FALSE,"","","","","","","","","","","","","","","","","","","","","","",NA,NA,NA,NA,NA,NA,NA,NA,NA,NA,NA,NA,NA,NA,"Razon",""
"177","Q77","En total, cuanto dinero dio en sobornos por JMAS (reconexión)","Texto",FALSE,"","","","","","","","","","","","","","","","","","","","","","",NA,NA,NA,NA,NA,NA,NA,NA,NA,NA,NA,NA,NA,NA,"Razon",""
"178","Q78","Durante 2024, ¿realizó Trámites/ denuncias por delitos ambientales? SECRETARÍA DE DESARROLLO URBANO Y ECOLOGÍA","Escala 1-2",TRUE,"1=No;2=Sí, especifique cuántos trámites","","No","Sí, especifique cuántos trámites","","","","","","","","","","","","","","","","","","",NA,NA,NA,NA,NA,NA,NA,NA,NA,NA,NA,NA,NA,NA,"Binaria",""
"179","Q78.1.1","Other","Texto",FALSE,"","","","","","","","","","","","","","","","","","","","","","",NA,NA,NA,NA,NA,NA,NA,NA,NA,NA,NA,NA,NA,NA,"Razon",""
"180","Q79","Durante 2024, ¿dio mordida o soborno para realizar Trámites/ denuncias por delitos ambientales? SECRETARÍA DE DESARROLLO URBANO Y ECOLOGÍA","Escala 1-2",TRUE,"1=No;2=Sí, especifique cuántas veces dio mordida","","No","Sí, especifique cuántas veces dio mordida","","","","","","","","","","","","","","","","","","",NA,NA,NA,NA,NA,NA,NA,NA,NA,NA,NA,NA,NA,NA,"Binaria",""
"181","Q79.1.1","Other","Texto",FALSE,"","","","","","","","","","","","","","","","","","","","","","",NA,NA,NA,NA,NA,NA,NA,NA,NA,NA,NA,NA,NA,NA,"Razon",""
"182","Q80","En total, cuanto dinero dio en sobornos por SECRETARÍA DE DESARROLLO URBANO Y ECOLOGÍA","Texto",FALSE,"","","","","","","","","","","","","","","","","","","","","","",NA,NA,NA,NA,NA,NA,NA,NA,NA,NA,NA,NA,NA,NA,"Razon",""
"183","Q81","Durante 2024, ¿realizó OTROS TRÁMITES ESTATALES?","Escala 1-2",TRUE,"1=No;2=Sí, especifique cuántos trámites","","No","Sí, especifique cuántos trámites","","","","","","","","","","","","","","","","","","",NA,NA,NA,NA,NA,NA,NA,NA,NA,NA,NA,NA,NA,NA,"Binaria","0= NS/NC"
"184","Q81.1.1","Other","Texto",FALSE,"","","","","","","","","","","","","","","","","","","","","","",NA,NA,NA,NA,NA,NA,NA,NA,NA,NA,NA,NA,NA,NA,"Razon",""
"185","Q82","¿Cuál es el o los otros trámites estatales que realizó? (Escriba nombre de los trámites estatales).","Texto",FALSE,"","","","","","","","","","","","","","","","","","","","","","",NA,NA,NA,NA,NA,NA,NA,NA,NA,NA,NA,NA,NA,NA,"Nominal (Abierta)",""
"186","Q83","Durante 2024, ¿dio mordida o soborno para realizar el trámite? OTROS TRÁMITES ESTATALES","Escala 1-2",TRUE,"1=No;2=Sí, especifique cuántas veces dio mordida","","No","Sí, especifique cuántas veces dio mordida","","","","","","","","","","","","","","","","","","",NA,NA,NA,NA,NA,NA,NA,NA,NA,NA,NA,NA,NA,NA,"Binaria",""
"187","Q83.1.1","Other","Texto",FALSE,"","","","","","","","","","","","","","","","","","","","","","",NA,NA,NA,NA,NA,NA,NA,NA,NA,NA,NA,NA,NA,NA,"Razon",""
"188","Q84","En total, cuanto dinero dio en sobornos por OTROS TRÁMITES ESTATALES","Texto",FALSE,"","","","","","","","","","","","","","","","","","","","","","",NA,NA,NA,NA,NA,NA,NA,NA,NA,NA,NA,NA,NA,NA,"Razon",""
"189","Q85","Durante 2024, ¿realizó por lo menos 1 trámite ante gobierno federal? (SAT-HACIENDA, CFE-LUZ, OTRO TRÁMITE FEDERAL)","Escala 1-2",TRUE,"1=Sí realizó por lo menos 1 trámite ante gobierno federal;2=No realizó trámites federales","","Sí realizó por lo menos 1 trámite ante gobierno federal","No realizó trámites federales","","","","","","","","","","","","","","","","","","",NA,NA,NA,NA,NA,NA,NA,NA,NA,NA,NA,NA,NA,NA,"Binaria",""
"190","Q86","Durante el 2024, Cuantos tramites ante el Gobierno FEDERAL hizo durante este tiempo?","Texto",FALSE,"","","","","","","","","","","","","","","","","","","","","","",NA,NA,NA,NA,NA,NA,NA,NA,NA,NA,NA,NA,NA,NA,"Razon",""
"191","Q87","Durante 2024, ¿realizó trámites del HACIENDA/SAT?","Escala 1-2",TRUE,"1=No;2=Sí, especifique cuántos trámites","","No","Sí, especifique cuántos trámites","","","","","","","","","","","","","","","","","","",NA,NA,NA,NA,NA,NA,NA,NA,NA,NA,NA,NA,NA,NA,"Binaria","0= NS/NC"
"192","Q87.1.1","Other","Texto",FALSE,"","","","","","","","","","","","","","","","","","","","","","",NA,NA,NA,NA,NA,NA,NA,NA,NA,NA,NA,NA,NA,NA,"Razon",""
"193","Q88","Durante 2024, ¿dio mordida o soborno para realizar el trámite? HACIENDA/SAT","Escala 1-2",TRUE,"1=No;2=Sí, especifique cuántas veces dio mordida","","No","Sí, especifique cuántas veces dio mordida","","","","","","","","","","","","","","","","","","",NA,NA,NA,NA,NA,NA,NA,NA,NA,NA,NA,NA,NA,NA,"Binaria",""
"194","Q88.1.1","Other","Texto",FALSE,"","","","","","","","","","","","","","","","","","","","","","",NA,NA,NA,NA,NA,NA,NA,NA,NA,NA,NA,NA,NA,NA,"Razon",""
"195","Q89","En total, cuanto dinero dio en sobornos por HACIENDA/SAT","Texto",FALSE,"","","","","","","","","","","","","","","","","","","","","","",NA,NA,NA,NA,NA,NA,NA,NA,NA,NA,NA,NA,NA,NA,"Razon",""
"196","Q90","Durante 2024, ¿realizó trámites de CFE?","Escala 1-2",TRUE,"1=No;2=Sí, especifique cuántos trámites","","No","Sí, especifique cuántos trámites","","","","","","","","","","","","","","","","","","",NA,NA,NA,NA,NA,NA,NA,NA,NA,NA,NA,NA,NA,NA,"Binaria","0= NS/NC"
"197","Q90.1.1","Other","Texto",FALSE,"","","","","","","","","","","","","","","","","","","","","","",NA,NA,NA,NA,NA,NA,NA,NA,NA,NA,NA,NA,NA,NA,"Razon",""
"198","Q91","Durante 2024, ¿dio mordida o soborno para realizar el trámite? CFE","Escala 1-2",TRUE,"1=No;2=Sí, especifique cuántas veces dio mordida","","No","Sí, especifique cuántas veces dio mordida","","","","","","","","","","","","","","","","","","",NA,NA,NA,NA,NA,NA,NA,NA,NA,NA,NA,NA,NA,NA,"Binaria","0= NS/NC"
"199","Q91.1.1","Other","Texto",FALSE,"","","","","","","","","","","","","","","","","","","","","","",NA,NA,NA,NA,NA,NA,NA,NA,NA,NA,NA,NA,NA,NA,"Razon",""
"200","Q92","En total, cuanto dinero dio en sobornos por CFE","Texto",FALSE,"","","","","","","","","","","","","","","","","","","","","","",NA,NA,NA,NA,NA,NA,NA,NA,NA,NA,NA,NA,NA,NA,"Razon",""
"201","Q93","Durante 2024, ¿realizó Trámites/ denuncias por delitos ambientales? SECRETARÍA DE MEDIO AMBIENTE Y RECURSOS NATURALES (SEMARNAT)","Escala 1-2",TRUE,"1=No;2=Sí, especifique cuántos trámites","","No","Sí, especifique cuántos trámites","","","","","","","","","","","","","","","","","","",NA,NA,NA,NA,NA,NA,NA,NA,NA,NA,NA,NA,NA,NA,"Binaria",""
"202","Q93.1.1","Other","Texto",FALSE,"","","","","","","","","","","","","","","","","","","","","","",NA,NA,NA,NA,NA,NA,NA,NA,NA,NA,NA,NA,NA,NA,"Razon",""
"203","Q94","Durante 2024, ¿dio mordida o soborno para realizar el Trámites/ denuncias por delitos ambientales? SECRETARÍA DE MEDIO AMBIENTE Y RECURSOS NATURALES (SEMARNAT)","Escala 1-2",TRUE,"1=No;2=Sí, especifique cuántas veces dio mordida","","No","Sí, especifique cuántas veces dio mordida","","","","","","","","","","","","","","","","","","",NA,NA,NA,NA,NA,NA,NA,NA,NA,NA,NA,NA,NA,NA,"Binaria",""
"204","Q94.1.1","Other","Texto",FALSE,"","","","","","","","","","","","","","","","","","","","","","",NA,NA,NA,NA,NA,NA,NA,NA,NA,NA,NA,NA,NA,NA,"Razon",""
"205","Q95","En total, cuanto dinero dio en sobornos por SECRETARÍA DE MEDIO AMBIENTE Y RECURSOS NATURALES (SEMARNAT)","Texto",FALSE,"","","","","","","","","","","","","","","","","","","","","","",NA,NA,NA,NA,NA,NA,NA,NA,NA,NA,NA,NA,NA,NA,"Razon",""
"206","Q96","Durante 2024, ¿realizó Trámites/ denuncias por delitos ambientales? PROCURADURÍA FEDERAL DE PROTECCIÓN AL AMBIENTE (PROFEPA)","Escala 1-2",TRUE,"1=No;2=Sí, especifique cuántos trámites","","No","Sí, especifique cuántos trámites","","","","","","","","","","","","","","","","","","",NA,NA,NA,NA,NA,NA,NA,NA,NA,NA,NA,NA,NA,NA,"Binaria",""
"207","Q96.1.1","Other","Texto",FALSE,"","","","","","","","","","","","","","","","","","","","","","",NA,NA,NA,NA,NA,NA,NA,NA,NA,NA,NA,NA,NA,NA,"Razon",""
"208","Q97","Durante 2024, ¿dio mordida o soborno para realizar Trámites/ denuncias por delitos ambientales? PROCURADURÍA FEDERAL DE PROTECCIÓN AL AMBIENTE (PROFEPA)","Escala 1-2",TRUE,"1=No;2=Sí, especifique cuántas veces dio mordida","","No","Sí, especifique cuántas veces dio mordida","","","","","","","","","","","","","","","","","","",NA,NA,NA,NA,NA,NA,NA,NA,NA,NA,NA,NA,NA,NA,"Binaria",""
"209","Q97.1.1","Other","Texto",FALSE,"","","","","","","","","","","","","","","","","","","","","","",NA,NA,NA,NA,NA,NA,NA,NA,NA,NA,NA,NA,NA,NA,"Razon",""
"210","Q98","En total, cuanto dinero dio en sobornos por PROCURADURÍA FEDERAL DE PROTECCIÓN AL AMBIENTE (PROFEPA)","Texto",FALSE,"","","","","","","","","","","","","","","","","","","","","","",NA,NA,NA,NA,NA,NA,NA,NA,NA,NA,NA,NA,NA,NA,"Razon",""
"211","Q99","Durante 2024, ¿realizó trámites ante OTRA DEPENDENCIA FEDERAL?","Escala 1-2",TRUE,"1=No;2=Sí, especifique cuántos trámites","","No","Sí, especifique cuántos trámites","","","","","","","","","","","","","","","","","","",NA,NA,NA,NA,NA,NA,NA,NA,NA,NA,NA,NA,NA,NA,"Binaria","0= NS/NC"
"212","Q99.1.1","Other","Texto",FALSE,"","","","","","","","","","","","","","","","","","","","","","",NA,NA,NA,NA,NA,NA,NA,NA,NA,NA,NA,NA,NA,NA,"Razon",""
"213","Q100","Mencione el nombre de la otra dependencia federal en la que realizó el trámite.","Texto",FALSE,"","","","","","","","","","","","","","","","","","","","","","",NA,NA,NA,NA,NA,NA,NA,NA,NA,NA,NA,NA,NA,NA,"Nominal (Abierta)",""
"214","Q101","Durante 2024, ¿dio mordida o soborno para realizar el trámite? OTRA DEPENDENCIA FEDERAL","Escala 1-2",TRUE,"1=No;2=Sí, especifique cuántas veces dio mordida","","No","Sí, especifique cuántas veces dio mordida","","","","","","","","","","","","","","","","","","",NA,NA,NA,NA,NA,NA,NA,NA,NA,NA,NA,NA,NA,NA,"Binaria",""
"215","Q101.1.1","Other","Texto",FALSE,"","","","","","","","","","","","","","","","","","","","","","",NA,NA,NA,NA,NA,NA,NA,NA,NA,NA,NA,NA,NA,NA,"Razon",""
"216","Q102","En total, cuanto dinero dio en sobornos por OTRA DEPENDENCIA FEDERAL","Texto",FALSE,"","","","","","","","","","","","","","","","","","","","","","",NA,NA,NA,NA,NA,NA,NA,NA,NA,NA,NA,NA,NA,NA,"Razon",""
"217","Q103","Durante 2024, ¿fue detenido por TRÁNSITO MUNICIPAL?","Escala 1-2",TRUE,"1=No;2=Sí, especifique cuántas veces","","No","Sí, especifique cuántas veces","","","","","","","","","","","","","","","","","","",NA,NA,NA,NA,NA,NA,NA,NA,NA,NA,NA,NA,NA,NA,"Binaria",""
"218","Q103.1.1","Other","Texto",FALSE,"","","","","","","","","","","","","","","","","","","","","","",NA,NA,NA,NA,NA,NA,NA,NA,NA,NA,NA,NA,NA,NA,"Razon",""
"219","Q104","Durante 2024, ¿dio mordida o soborno en dinero o especie en al menos 1 de ellos? TRÁNSITO MUNICIPAL","Escala 1-2",TRUE,"1=No;2=Sí, especifique cuántas veces dio mordida","","No","Sí, especifique cuántas veces dio mordida","","","","","","","","","","","","","","","","","","",NA,NA,NA,NA,NA,NA,NA,NA,NA,NA,NA,NA,NA,NA,"Binaria","0= NS/NC"
"220","Q104.1.1","Other","Texto",FALSE,"","","","","","","","","","","","","","","","","","","","","","",NA,NA,NA,NA,NA,NA,NA,NA,NA,NA,NA,NA,NA,NA,"Razon",""
"221","Q105","En total, cuanto dinero dio en sobornos a TRÁNSITO MUNICIPAL","Texto",FALSE,"","","","","","","","","","","","","","","","","","","","","","",NA,NA,NA,NA,NA,NA,NA,NA,NA,NA,NA,NA,NA,NA,"Razon",""
"222","Q106","Durante 2024, ¿fue detenido por POLICÍA MUNICIPAL?","Escala 1-2",TRUE,"1=No;2=Sí, especifique cuántas veces","","No","Sí, especifique cuántas veces","","","","","","","","","","","","","","","","","","",NA,NA,NA,NA,NA,NA,NA,NA,NA,NA,NA,NA,NA,NA,"Binaria",""
"223","Q106.1.1","Other","Texto",FALSE,"","","","","","","","","","","","","","","","","","","","","","",NA,NA,NA,NA,NA,NA,NA,NA,NA,NA,NA,NA,NA,NA,"Razon",""
"224","Q107","Durante 2024, ¿dio mordida o soborno en dinero o especie en al menos 1 de ellos? POLICÍA MUNICIPAL","Escala 1-2",TRUE,"1=No;2=Sí, especifique cuántas veces dio mordida","","No","Sí, especifique cuántas veces dio mordida","","","","","","","","","","","","","","","","","","",NA,NA,NA,NA,NA,NA,NA,NA,NA,NA,NA,NA,NA,NA,"Binaria","0= NS/NC"
"225","Q107.1.1","Other","Texto",FALSE,"","","","","","","","","","","","","","","","","","","","","","",NA,NA,NA,NA,NA,NA,NA,NA,NA,NA,NA,NA,NA,NA,"Razon",""
"226","Q108","En total, cuanto dinero dio en sobornos a POLICÍA MUNICIPAL","Texto",FALSE,"","","","","","","","","","","","","","","","","","","","","","",NA,NA,NA,NA,NA,NA,NA,NA,NA,NA,NA,NA,NA,NA,"Razon",""
"227","Q109","Durante 2024, ¿fue detenido por POLICÍA ESTATAL?","Escala 1-2",TRUE,"1=No;2=Sí, especifique cuántas veces","","No","Sí, especifique cuántas veces","","","","","","","","","","","","","","","","","","",NA,NA,NA,NA,NA,NA,NA,NA,NA,NA,NA,NA,NA,NA,"Binaria",""
"228","Q109.1.1","Other","Texto",FALSE,"","","","","","","","","","","","","","","","","","","","","","",NA,NA,NA,NA,NA,NA,NA,NA,NA,NA,NA,NA,NA,NA,"Razon",""
"229","Q110","Durante 2024, ¿dio mordida o soborno en dinero o especie en al menos 1 de ellos? POLICÍA ESTATAL","Escala 1-2",TRUE,"1=No;2=Sí, especifique cuántas veces dio mordida","","No","Sí, especifique cuántas veces dio mordida","","","","","","","","","","","","","","","","","","",NA,NA,NA,NA,NA,NA,NA,NA,NA,NA,NA,NA,NA,NA,"Binaria","0= NS/NC"
"230","Q110.1.1","Other","Texto",FALSE,"","","","","","","","","","","","","","","","","","","","","","",NA,NA,NA,NA,NA,NA,NA,NA,NA,NA,NA,NA,NA,NA,"Razon",""
"231","Q111","En total, cuanto dinero dio en sobornos a POLICÍA ESTATAL","Texto",FALSE,"","","","","","","","","","","","","","","","","","","","","","",NA,NA,NA,NA,NA,NA,NA,NA,NA,NA,NA,NA,NA,NA,"Razon",""
"232","Q112","Durante 2024, ¿fue detenido por EJÉRCITO?","Escala 1-2",TRUE,"1=No;2=Sí, especifique cuántas veces","","No","Sí, especifique cuántas veces","","","","","","","","","","","","","","","","","","",NA,NA,NA,NA,NA,NA,NA,NA,NA,NA,NA,NA,NA,NA,"Binaria",""
"233","Q112.1.1","Other","Texto",FALSE,"","","","","","","","","","","","","","","","","","","","","","",NA,NA,NA,NA,NA,NA,NA,NA,NA,NA,NA,NA,NA,NA,"Razon",""
"234","Q113","Durante 2024, ¿dio mordida o soborno en dinero o especie en al menos 1 de ellos? EJÉRCITO","Escala 1-2",TRUE,"1=No;2=Sí, especifique cuántas veces dio mordida","","No","Sí, especifique cuántas veces dio mordida","","","","","","","","","","","","","","","","","","",NA,NA,NA,NA,NA,NA,NA,NA,NA,NA,NA,NA,NA,NA,"Binaria","0= NS/NC"
"235","Q113.1.1","Other","Texto",FALSE,"","","","","","","","","","","","","","","","","","","","","","",NA,NA,NA,NA,NA,NA,NA,NA,NA,NA,NA,NA,NA,NA,"Razon",""
"236","Q114","En total, cuanto dinero dio en sobornos al EJÉRCITO","Texto",FALSE,"","","","","","","","","","","","","","","","","","","","","","",NA,NA,NA,NA,NA,NA,NA,NA,NA,NA,NA,NA,NA,NA,"Razon",""
"237","Q115","Durante 2024, ¿fue detenido por GUARDIA NACIONAL?","Escala 1-2",TRUE,"1=No;2=Sí, especifique cuántas veces","","No","Sí, especifique cuántas veces","","","","","","","","","","","","","","","","","","",NA,NA,NA,NA,NA,NA,NA,NA,NA,NA,NA,NA,NA,NA,"Binaria",""
"238","Q115.1.1","Other","Texto",FALSE,"","","","","","","","","","","","","","","","","","","","","","",NA,NA,NA,NA,NA,NA,NA,NA,NA,NA,NA,NA,NA,NA,"Razon",""
"239","Q116","Durante 2024, ¿dio mordida o soborno en dinero o especie en al menos 1 de ellos? GUARDIA NACIONAL","Escala 1-2",TRUE,"1=No;2=Sí, especifique cuántas veces dio mordida","","No","Sí, especifique cuántas veces dio mordida","","","","","","","","","","","","","","","","","","",NA,NA,NA,NA,NA,NA,NA,NA,NA,NA,NA,NA,NA,NA,"Binaria","0= NS/NC"
"240","Q116.1.1","Other","Texto",FALSE,"","","","","","","","","","","","","","","","","","","","","","",NA,NA,NA,NA,NA,NA,NA,NA,NA,NA,NA,NA,NA,NA,"Razon",""
"241","Q117","En total, cuanto dinero dio en sobornos a la GUARDIA NACIONAL","Texto",FALSE,"","","","","","","","","","","","","","","","","","","","","","",NA,NA,NA,NA,NA,NA,NA,NA,NA,NA,NA,NA,NA,NA,"Razon",""
"242","Q118","Desde su punto de vista, ¿la corrupción es culpa de...?","Escala 1-4",TRUE,"1=El gobierno;2=Los ciudadanos;3=Ambos;4=NS/NC","","El gobierno","Los ciudadanos","Ambos","NS/NC","","","","","","","","","","","","","","","","",NA,NA,NA,NA,NA,NA,NA,NA,NA,NA,NA,NA,NA,NA,"Categorica",""
"243","Q119","¿Cuáles son las instituciones que para usted son las que más previenen y combaten la corrupción en Juárez? IMPORTANCIA #1","Escala 1-27",TRUE,"1=Diputados;2=Prensa local (periódicos);3=Televisoras locales;4=Iglesias;5=Maestros;6=Partidos políticos;7=Organizaciones ciudadanas (OSC's);8=Universidades;9=Empresarios;10=Policía municipal;11=Tránsito municipal;12=Policía ministerial;13=Ejército;14=Policía estatal;15=Guardia nacional;16=Jueces o magistrados;17=Presidente municipal Cruz Pérez Cuellar;18=Regidores;19=Síndico(a);20=Funcionarios del gob. municipal","","Diputados","Prensa local (periódicos)","Televisoras locales","Iglesias","Maestros","Partidos políticos","Organizaciones ciudadanas (OSC's)","Universidades","Empresarios","Policía municipal","Tránsito municipal","Policía ministerial","Ejército","Policía estatal","Guardia nacional","Jueces o magistrados","Presidente municipal Cruz Pérez Cuellar","Regidores","Síndico(a)","Funcionarios del gob. municipal",NA,NA,NA,NA,NA,NA,NA,NA,NA,NA,NA,NA,NA,NA,"Categorica",""
"244","Q119.1.1","Other","Texto",FALSE,"","","","","","","","","","","","","","","","","","","","","","",NA,NA,NA,NA,NA,NA,NA,NA,NA,NA,NA,NA,NA,NA,"Nominal (Abierta)",""
"245","Q120","¿Cuáles son las instituciones que para usted son las que más previenen y combaten la corrupción en Juárez? IMPORTANCIA #2","Escala 1-27",TRUE,"1=Diputados;2=Prensa local (periódicos);3=Televisoras locales;4=Iglesias;5=Maestros;6=Partidos políticos;7=Organizaciones ciudadanas (OSC's);8=Universidades;9=Empresarios;10=Policía municipal;11=Tránsito municipal;12=Policía ministerial;13=Ejército;14=Policía estatal;15=Guardia nacional;16=Jueces o magistrados;17=Presidente municipal Cruz Pérez Cuellar;18=Regidores;19=Síndico(a);20=Funcionarios del gob. municipal","","Diputados","Prensa local (periódicos)","Televisoras locales","Iglesias","Maestros","Partidos políticos","Organizaciones ciudadanas (OSC's)","Universidades","Empresarios","Policía municipal","Tránsito municipal","Policía ministerial","Ejército","Policía estatal","Guardia nacional","Jueces o magistrados","Presidente municipal Cruz Pérez Cuellar","Regidores","Síndico(a)","Funcionarios del gob. municipal",NA,NA,NA,NA,NA,NA,NA,NA,NA,NA,NA,NA,NA,NA,"Categorica",""
"246","Q120.1.1","Other","Texto",FALSE,"","","","","","","","","","","","","","","","","","","","","","",NA,NA,NA,NA,NA,NA,NA,NA,NA,NA,NA,NA,NA,NA,"Nominal (Abierta)",""
"247","Q121","¿Cuáles son las instituciones que para usted son las que más previenen y combaten la corrupción en Juárez? IMPORTANCIA #3","Escala 1-27",TRUE,"1=Diputados;2=Prensa local (periódicos);3=Televisoras locales;4=Iglesias;5=Maestros;6=Partidos políticos;7=Organizaciones ciudadanas (OSC's);8=Universidades;9=Empresarios;10=Policía municipal;11=Tránsito municipal;12=Policía ministerial;13=Ejército;14=Policía estatal;15=Guardia nacional;16=Jueces o magistrados;17=Presidente municipal Cruz Pérez Cuellar;18=Regidores;19=Síndico(a);20=Funcionarios del gob. municipal","","Diputados","Prensa local (periódicos)","Televisoras locales","Iglesias","Maestros","Partidos políticos","Organizaciones ciudadanas (OSC's)","Universidades","Empresarios","Policía municipal","Tránsito municipal","Policía ministerial","Ejército","Policía estatal","Guardia nacional","Jueces o magistrados","Presidente municipal Cruz Pérez Cuellar","Regidores","Síndico(a)","Funcionarios del gob. municipal",NA,NA,NA,NA,NA,NA,NA,NA,NA,NA,NA,NA,NA,NA,"Categorica",""
"248","Q121.1.1"," ","Texto",FALSE,"","","","","","","","","","","","","","","","","","","","","","",NA,NA,NA,NA,NA,NA,NA,NA,NA,NA,NA,NA,NA,NA,"Nominal (Abierta)",""
"249","Q122","En Juárez, ¿el que la hace, la paga? Es decir, ¿se castiga a quien comete algún delito o infracción?","Escala 1-5",TRUE,"1=Siempre;2=Casi siempre;3=Casi nunca;4=Nunca;5=NS/NC","","Siempre","Casi siempre","Casi nunca","Nunca","NS/NC","","","","","","","","","","","","","","","",NA,NA,NA,NA,NA,NA,NA,NA,NA,NA,NA,NA,NA,NA,"Intervalo",""
"250","Q123","¿Usted cree que el GOBIERNO MUNICIPAL de Cruz Pérez Cuéllar sanciona a los servidores públicos que son sorprendidos en actos de corrupción?","Escala 1-5",TRUE,"1=Nunca (nunca lo hacen);2=Poco (con poca frecuencia);3=Algo (con algo de frecuencia);4=Mucho (con mucha frecuencia);5=NS/NC","","Nunca (nunca lo hacen)","Poco (con poca frecuencia)","Algo (con algo de frecuencia)","Mucho (con mucha frecuencia)","NS/NC","","","","","","","","","","","","","","","",NA,NA,NA,NA,NA,NA,NA,NA,NA,NA,NA,NA,NA,NA,"Intervalo",""
"251","Q124","¿Usted cree que el GOBIERNO ESTATAL de Maru Campos Galván sanciona a los servidores públicos que son sorprendidos en actos de corrupción?","Escala 1-5",TRUE,"1=Nunca (nunca lo hacen);2=Poco (con poca frecuencia);3=Algo (con algo de frecuencia);4=Mucho (con mucha frecuencia);5=NS/NC","","Nunca (nunca lo hacen)","Poco (con poca frecuencia)","Algo (con algo de frecuencia)","Mucho (con mucha frecuencia)","NS/NC","","","","","","","","","","","","","","","",NA,NA,NA,NA,NA,NA,NA,NA,NA,NA,NA,NA,NA,NA,"Intervalo",""
"252","Q125","¿Usted cree que el GOBIERNO FEDERAL sanciona a los servidores públicos que son sorprendidos en actos de corrupción?","Escala 1-5",TRUE,"1=Nunca (nunca lo hacen);2=Poco (con poca frecuencia);3=Algo (con algo de frecuencia);4=Mucho (con mucha frecuencia);5=NS/NC","","Nunca (nunca lo hacen)","Poco (con poca frecuencia)","Algo (con algo de frecuencia)","Mucho (con mucha frecuencia)","NS/NC","","","","","","","","","","","","","","","",NA,NA,NA,NA,NA,NA,NA,NA,NA,NA,NA,NA,NA,NA,"Intervalo",""
"253","Q126","Usted diría que en Juárez, ¿la justicia está exenta de corrupción?","Escala 1-3",TRUE,"1=Sí;2=No;3=NS/NC","","Sí","No","NS/NC","","","","","","","","","","","","","","","","","",NA,NA,NA,NA,NA,NA,NA,NA,NA,NA,NA,NA,NA,NA,"Binaria",""
"254","Q127","¿Cuáles son las instituciones que más violan las leyes? INSTITUCIÓN #1","Escala 1-27",TRUE,"1=Diputados;2=Prensa local (periódicos);3=Televisoras locales;4=Iglesias;5=Maestros;6=Partidos políticos;7=Organizaciones ciudadanas (OSC's);8=Universidades;9=Empresarios;10=Policía municipal;11=Tránsito municipal;12=Policía ministerial;13=Ejército;14=Policía estatal;15=Guardia nacional;16=Jueces o magistrados;17=Presidente municipal Cruz Pérez Cuellar;18=Regidores;19=Síndico(a);20=Funcionarios del gob. municipal","","Diputados","Prensa local (periódicos)","Televisoras locales","Iglesias","Maestros","Partidos políticos","Organizaciones ciudadanas (OSC's)","Universidades","Empresarios","Policía municipal","Tránsito municipal","Policía ministerial","Ejército","Policía estatal","Guardia nacional","Jueces o magistrados","Presidente municipal Cruz Pérez Cuellar","Regidores","Síndico(a)","Funcionarios del gob. municipal",NA,NA,NA,NA,NA,NA,NA,NA,NA,NA,NA,NA,NA,NA,"Categorica",""
"255","Q127.1.1","Other","Texto",FALSE,"","","","","","","","","","","","","","","","","","","","","","",NA,NA,NA,NA,NA,NA,NA,NA,NA,NA,NA,NA,NA,NA,"Nominal (Abierta)",""
"256","Q128","¿Cuáles son las instituciones que más violan las leyes? INSTITUCIÓN #2","Escala 1-27",TRUE,"1=Diputados;2=Prensa local (periódicos);3=Televisoras locales;4=Iglesias;5=Maestros;6=Partidos políticos;7=Organizaciones ciudadanas (OSC's);8=Universidades;9=Empresarios;10=Policía municipal;11=Tránsito municipal;12=Policía ministerial;13=Ejército;14=Policía estatal;15=Guardia nacional;16=Jueces o magistrados;17=Presidente municipal Cruz Pérez Cuellar;18=Regidores;19=Síndico(a);20=Funcionarios del gob. municipal","","Diputados","Prensa local (periódicos)","Televisoras locales","Iglesias","Maestros","Partidos políticos","Organizaciones ciudadanas (OSC's)","Universidades","Empresarios","Policía municipal","Tránsito municipal","Policía ministerial","Ejército","Policía estatal","Guardia nacional","Jueces o magistrados","Presidente municipal Cruz Pérez Cuellar","Regidores","Síndico(a)","Funcionarios del gob. municipal",NA,NA,NA,NA,NA,NA,NA,NA,NA,NA,NA,NA,NA,NA,"Categorica",""
"257","Q128.1.1","Other","Texto",FALSE,"","","","","","","","","","","","","","","","","","","","","","",NA,NA,NA,NA,NA,NA,NA,NA,NA,NA,NA,NA,NA,NA,"Nominal (Abierta)",""
"258","Q129","¿Cuáles son las instituciones que más violan las leyes? INSTITUCIÓN #3","Escala 1-27",TRUE,"1=Diputados;2=Prensa local (periódicos);3=Televisoras locales;4=Iglesias;5=Maestros;6=Partidos políticos;7=Organizaciones ciudadanas (OSC's);8=Universidades;9=Empresarios;10=Policía municipal;11=Tránsito municipal;12=Policía ministerial;13=Ejército;14=Policía estatal;15=Guardia nacional;16=Jueces o magistrados;17=Presidente municipal Cruz Pérez Cuellar;18=Regidores;19=Síndico(a);20=Funcionarios del gob. municipal","","Diputados","Prensa local (periódicos)","Televisoras locales","Iglesias","Maestros","Partidos políticos","Organizaciones ciudadanas (OSC's)","Universidades","Empresarios","Policía municipal","Tránsito municipal","Policía ministerial","Ejército","Policía estatal","Guardia nacional","Jueces o magistrados","Presidente municipal Cruz Pérez Cuellar","Regidores","Síndico(a)","Funcionarios del gob. municipal",NA,NA,NA,NA,NA,NA,NA,NA,NA,NA,NA,NA,NA,NA,"Categorica",""
"259","Q129.1.1","Other","Texto",FALSE,"","","","","","","","","","","","","","","","","","","","","","",NA,NA,NA,NA,NA,NA,NA,NA,NA,NA,NA,NA,NA,NA,"Nominal (Abierta)",""
"260","Q130","Que tanto le interesa participar en la policita del municipio, interviniendo en decisiones o realizando acciones de interes publico en beneficio de la ciudad?","Escala 1-5",TRUE,"1=NADA;2=POCO;3=REGULAR;4=ALGO;5=MUCHO","","NADA","POCO","REGULAR","ALGO","MUCHO","","","","","","","","","","","","","","","",NA,NA,NA,NA,NA,NA,NA,NA,NA,NA,NA,NA,NA,NA,"Intervalo",""
"261","Q131.1","Informacion","Escala 1-2",TRUE,"0=No necesario;1=Necesario","No necesario","Necesario","","","","","","","","","","","","","","","","","","","",NA,NA,NA,NA,NA,NA,NA,NA,NA,NA,NA,NA,NA,NA,"Binaria",""
"262","Q131.2","Espacios para participar","Escala 1-2",TRUE,"0=No necesario;1=Necesario","No necesario","Necesario","","","","","","","","","","","","","","","","","","","",NA,NA,NA,NA,NA,NA,NA,NA,NA,NA,NA,NA,NA,NA,"Binaria",""
"263","Q131.3","Tiempo","Escala 1-2",TRUE,"0=No necesario;1=Necesario","No necesario","Necesario","","","","","","","","","","","","","","","","","","","",NA,NA,NA,NA,NA,NA,NA,NA,NA,NA,NA,NA,NA,NA,"Binaria",""
"264","Q131.4","Dinero","Escala 1-2",TRUE,"0=No necesario;1=Necesario","No necesario","Necesario","","","","","","","","","","","","","","","","","","","",NA,NA,NA,NA,NA,NA,NA,NA,NA,NA,NA,NA,NA,NA,"Binaria",""
"265","Q131.5","Confianza en las instituciones","Escala 1-2",TRUE,"0=No necesario;1=Necesario","No necesario","Necesario","","","","","","","","","","","","","","","","","","","",NA,NA,NA,NA,NA,NA,NA,NA,NA,NA,NA,NA,NA,NA,"Binaria",""
"266","Q131.6","Otro","Escala 1-2",TRUE,"0=No necesario;1=Necesario","No necesario","Necesario","","","","","","","","","","","","","","","","","","","",NA,NA,NA,NA,NA,NA,NA,NA,NA,NA,NA,NA,NA,NA,"Binaria",""
"267","Q131.6.1","Other","Texto",FALSE,"","","","","","","","","","","","","","","","","","","","","","",NA,NA,NA,NA,NA,NA,NA,NA,NA,NA,NA,NA,NA,NA,"Nominal (Abierta)",""
"268","Q132.1","Partidos/organizaciones políticas","Escala 1-2",TRUE,"1=Sí;2=No","","Sí","No","","","","","","","","","","","","","","","","","","",NA,NA,NA,NA,NA,NA,NA,NA,NA,NA,NA,NA,NA,NA,"Binaria",""
"269","Q132.2","Sindicatos","Escala 1-2",TRUE,"1=Sí;2=No","","Sí","No","","","","","","","","","","","","","","","","","","",NA,NA,NA,NA,NA,NA,NA,NA,NA,NA,NA,NA,NA,NA,"Binaria",""
"270","Q132.3","Iglesias/asociaciones religiosas","Escala 1-2",TRUE,"1=Sí;2=No","","Sí","No","","","","","","","","","","","","","","","","","","",NA,NA,NA,NA,NA,NA,NA,NA,NA,NA,NA,NA,NA,NA,"Binaria",""
"271","Q132.4","Agrupaciones empresariales","Escala 1-2",TRUE,"1=Sí;2=No","","Sí","No","","","","","","","","","","","","","","","","","","",NA,NA,NA,NA,NA,NA,NA,NA,NA,NA,NA,NA,NA,NA,"Binaria",""
"272","Q132.5","Asociaciones de padres de familia en escuelas","Escala 1-2",TRUE,"1=Sí;2=No","","Sí","No","","","","","","","","","","","","","","","","","","",NA,NA,NA,NA,NA,NA,NA,NA,NA,NA,NA,NA,NA,NA,"Binaria",""
"273","Q132.6","Asociaciones de equipos deportivos","Escala 1-2",TRUE,"1=Sí;2=No","","Sí","No","","","","","","","","","","","","","","","","","","",NA,NA,NA,NA,NA,NA,NA,NA,NA,NA,NA,NA,NA,NA,"Binaria",""
"274","Q132.7","Asociaciones/comités/juntas de vecinos","Escala 1-2",TRUE,"1=Sí;2=No","","Sí","No","","","","","","","","","","","","","","","","","","",NA,NA,NA,NA,NA,NA,NA,NA,NA,NA,NA,NA,NA,NA,"Binaria",""
"275","Q132.8","Clubs sociales/de servicios","Escala 1-2",TRUE,"1=Sí;2=No","","Sí","No","","","","","","","","","","","","","","","","","","",NA,NA,NA,NA,NA,NA,NA,NA,NA,NA,NA,NA,NA,NA,"Binaria",""
"276","Q132.9","Organizaciones civiles/ONGs/Fundaciones","Escala 1-2",TRUE,"1=Sí;2=No","","Sí","No","","","","","","","","","","","","","","","","","","",NA,NA,NA,NA,NA,NA,NA,NA,NA,NA,NA,NA,NA,NA,"Binaria",""
"277","Q132.10","Grupo de autoayuda o superación","Escala 1-2",TRUE,"1=Sí;2=No","","Sí","No","","","","","","","","","","","","","","","","","","",NA,NA,NA,NA,NA,NA,NA,NA,NA,NA,NA,NA,NA,NA,"Binaria",""
"278","Q132.11","Caja popular o cooperativa de crédito","Escala 1-2",TRUE,"1=Sí;2=No","","Sí","No","","","","","","","","","","","","","","","","","","",NA,NA,NA,NA,NA,NA,NA,NA,NA,NA,NA,NA,NA,NA,"Binaria",""
"279","Q133","Si pertenece a otra organización que NO HAYA SIDO MENCIONADA ANTERIORMENTE, indique cuál (escriba nombre/objetivo):","Texto",FALSE,"","","","","","","","","","","","","","","","","","","","","","",NA,NA,NA,NA,NA,NA,NA,NA,NA,NA,NA,NA,NA,NA,"Nominal (Abierta)",""
"280","Q134","Durante 2024, ¿apoyó activamente a algún movimiento social?","Escala 1-2",TRUE,"1=Sí;2=No","","Sí","No","","","","","","","","","","","","","","","","","","",NA,NA,NA,NA,NA,NA,NA,NA,NA,NA,NA,NA,NA,NA,"Binaria",""
"281","Q135","¿Cuál o cuáles movimientos sociales apoyó?","Texto",FALSE,"","","","","","","","","","","","","","","","","","","","","","",NA,NA,NA,NA,NA,NA,NA,NA,NA,NA,NA,NA,NA,NA,"Nominal (Abierta)",""
"282","Q136.1","Propuestas de planes, programas, leyes o políticas públicas","Escala 1-2",TRUE,"1=Sí;2=No","","Sí","No","","","","","","","","","","","","","","","","","","",NA,NA,NA,NA,NA,NA,NA,NA,NA,NA,NA,NA,NA,NA,"Binaria",""
"283","Q136.2","Vigilar acciones/funciones de los servidores/instituciones públicas","Escala 1-2",TRUE,"1=Sí;2=No","","Sí","No","","","","","","","","","","","","","","","","","","",NA,NA,NA,NA,NA,NA,NA,NA,NA,NA,NA,NA,NA,NA,"Binaria",""
"284","Q136.3","Firmar cartas de apoyo/amparos","Escala 1-2",TRUE,"1=Sí;2=No","","Sí","No","","","","","","","","","","","","","","","","","","",NA,NA,NA,NA,NA,NA,NA,NA,NA,NA,NA,NA,NA,NA,"Binaria",""
"285","Q136.4","Quejarse ante las autoridades (solicitudes, denuncias o reportes ante autoridades)","Escala 1-2",TRUE,"1=Sí;2=No","","Sí","No","","","","","","","","","","","","","","","","","","",NA,NA,NA,NA,NA,NA,NA,NA,NA,NA,NA,NA,NA,NA,"Binaria",""
"286","Q136.5","Pedir apoyo a una sociedad civil (organizarse con otros ciudadanos)","Escala 1-2",TRUE,"1=Sí;2=No","","Sí","No","","","","","","","","","","","","","","","","","","",NA,NA,NA,NA,NA,NA,NA,NA,NA,NA,NA,NA,NA,NA,"Binaria",""
"287","Q136.6","Asistir a manifestaciones y/o marchas","Escala 1-2",TRUE,"1=Sí;2=No","","Sí","No","","","","","","","","","","","","","","","","","","",NA,NA,NA,NA,NA,NA,NA,NA,NA,NA,NA,NA,NA,NA,"Binaria",""
"288","Q136.7","Colocar mantas, carteles o fotografías","Escala 1-2",TRUE,"1=Sí;2=No","","Sí","No","","","","","","","","","","","","","","","","","","",NA,NA,NA,NA,NA,NA,NA,NA,NA,NA,NA,NA,NA,NA,"Binaria",""
"289","Q136.8","Repartir circularees o manifiestos","Escala 1-2",TRUE,"1=Sí;2=No","","Sí","No","","","","","","","","","","","","","","","","","","",NA,NA,NA,NA,NA,NA,NA,NA,NA,NA,NA,NA,NA,NA,"Binaria",""
"290","Q136.9","Enviar mensajes, opiniones, imágenes por redes sociales","Escala 1-2",TRUE,"1=Sí;2=No","","Sí","No","","","","","","","","","","","","","","","","","","",NA,NA,NA,NA,NA,NA,NA,NA,NA,NA,NA,NA,NA,NA,"Binaria",""
"291","Q136.10","Usar una aplicación o herramienta electrónica de denuncia ciudadana","Escala 1-2",TRUE,"1=Sí;2=No","","Sí","No","","","","","","","","","","","","","","","","","","",NA,NA,NA,NA,NA,NA,NA,NA,NA,NA,NA,NA,NA,NA,"Binaria",""
"292","Q136.11","Hizo algo para resolver un problema con sus vecinos (baches, alumbrado, limpia, etc.)","Escala 1-2",TRUE,"1=Sí;2=No","","Sí","No","","","","","","","","","","","","","","","","","","",NA,NA,NA,NA,NA,NA,NA,NA,NA,NA,NA,NA,NA,NA,"Binaria",""
"293","Q136.12","Vigilar la correcta realización de alguna obra pública","Escala 1-2",TRUE,"1=Sí;2=No","","Sí","No","","","","","","","","","","","","","","","","","","",NA,NA,NA,NA,NA,NA,NA,NA,NA,NA,NA,NA,NA,NA,"Binaria",""
"294","Q136.13","Bloquear calles, avenidas, carreteras","Escala 1-2",TRUE,"1=Sí;2=No","","Sí","No","","","","","","","","","","","","","","","","","","",NA,NA,NA,NA,NA,NA,NA,NA,NA,NA,NA,NA,NA,NA,"Binaria",""
"295","Q136.14","Mitin político","Escala 1-2",TRUE,"1=Sí;2=No","","Sí","No","","","","","","","","","","","","","","","","","","",NA,NA,NA,NA,NA,NA,NA,NA,NA,NA,NA,NA,NA,NA,"Binaria",""
"296","Q137","Para usted, votar es...","Escala 1-3",TRUE,"1=Importante;2=Poco importante;3=Nada importante","","Importante","Poco importante","Nada importante","","","","","","","","","","","","","","","","","",NA,NA,NA,NA,NA,NA,NA,NA,NA,NA,NA,NA,NA,NA,"Intervalo",""
"297","Q138.1","El referendum","Escala 1-2",TRUE,"1=Sí;2=No","","Sí","No","","","","","","","","","","","","","","","","","","",NA,NA,NA,NA,NA,NA,NA,NA,NA,NA,NA,NA,NA,NA,"Binaria",""
"298","Q138.2","El plebiscito","Escala 1-2",TRUE,"1=Sí;2=No","","Sí","No","","","","","","","","","","","","","","","","","","",NA,NA,NA,NA,NA,NA,NA,NA,NA,NA,NA,NA,NA,NA,"Binaria",""
"299","Q138.3","La iniciativa ciudadana","Escala 1-2",TRUE,"1=Sí;2=No","","Sí","No","","","","","","","","","","","","","","","","","","",NA,NA,NA,NA,NA,NA,NA,NA,NA,NA,NA,NA,NA,NA,"Binaria",""
"300","Q138.4","La revocacion de mandato","Escala 1-2",TRUE,"1=Sí;2=No","","Sí","No","","","","","","","","","","","","","","","","","","",NA,NA,NA,NA,NA,NA,NA,NA,NA,NA,NA,NA,NA,NA,"Binaria",""
"301","Q138.5","Audiencias publicas","Escala 1-2",TRUE,"1=Sí;2=No","","Sí","No","","","","","","","","","","","","","","","","","","",NA,NA,NA,NA,NA,NA,NA,NA,NA,NA,NA,NA,NA,NA,"Binaria",""
"302","Q138.6","Consulta publica","Escala 1-2",TRUE,"1=Sí;2=No","","Sí","No","","","","","","","","","","","","","","","","","","",NA,NA,NA,NA,NA,NA,NA,NA,NA,NA,NA,NA,NA,NA,"Binaria",""
"303","Q138.7","Consejos consultivos","Escala 1-2",TRUE,"1=Sí;2=No","","Sí","No","","","","","","","","","","","","","","","","","","",NA,NA,NA,NA,NA,NA,NA,NA,NA,NA,NA,NA,NA,NA,"Binaria",""
"304","Q138.8","Comites de participacion","Escala 1-2",TRUE,"1=Sí;2=No","","Sí","No","","","","","","","","","","","","","","","","","","",NA,NA,NA,NA,NA,NA,NA,NA,NA,NA,NA,NA,NA,NA,"Binaria",""
"305","Q138.9","Planeacion participativa","Escala 1-2",TRUE,"1=Sí;2=No","","Sí","No","","","","","","","","","","","","","","","","","","",NA,NA,NA,NA,NA,NA,NA,NA,NA,NA,NA,NA,NA,NA,"Binaria",""
"306","Q138.10","Presupuesto participativo","Escala 1-2",TRUE,"1=Sí;2=No","","Sí","No","","","","","","","","","","","","","","","","","","",NA,NA,NA,NA,NA,NA,NA,NA,NA,NA,NA,NA,NA,NA,"Binaria",""
"307","Q138.11","Cabildo abierto","Escala 1-2",TRUE,"1=Sí;2=No","","Sí","No","","","","","","","","","","","","","","","","","","",NA,NA,NA,NA,NA,NA,NA,NA,NA,NA,NA,NA,NA,NA,"Binaria",""
"308","Q138.12","Contralorias sociales","Escala 1-2",TRUE,"1=Sí;2=No","","Sí","No","","","","","","","","","","","","","","","","","","",NA,NA,NA,NA,NA,NA,NA,NA,NA,NA,NA,NA,NA,NA,"Binaria",""
"309","Q138.13","Mecanismos de participacion social para ninas, ninos y adolescentes","Escala 1-2",TRUE,"1=Sí;2=No","","Sí","No","","","","","","","","","","","","","","","","","","",NA,NA,NA,NA,NA,NA,NA,NA,NA,NA,NA,NA,NA,NA,"Binaria",""
"310","Q139","¿Conoce o ha escuchado hablar de Plan Estratégico de Juárez A.C.? SIN APOYO VISUAL","Escala 1-2",TRUE,"1=Sí recordó sin apoyo visual;2=No recordó sin apoyo visual","","Sí recordó sin apoyo visual","No recordó sin apoyo visual","","","","","","","","","","","","","","","","","","",NA,NA,NA,NA,NA,NA,NA,NA,NA,NA,NA,NA,NA,NA,"Binaria",""
"311","Q140","¿Conoce o ha escuchado hablar de Plan Estratégico de Juárez A.C.? CON APOYO VISUAL","Escala 1-2",TRUE,"1=Sí recordó con apoyo visual;2=No recordó con apoyo visual","","Sí recordó con apoyo visual","No recordó con apoyo visual","","","","","","","","","","","","","","","","","","",NA,NA,NA,NA,NA,NA,NA,NA,NA,NA,NA,NA,NA,NA,"Binaria",""
"312","Q141.1","PEJ es una asociación apartidista y ciudadana","Escala 1-5",TRUE,"1=Totalmente de acuerdo;2=Parcialmente de acuerdo;3=Parcialmente en desacuerdo;4=Totalmente en desacuerdo;5=NS/NC","","Totalmente de acuerdo","Parcialmente de acuerdo","Parcialmente en desacuerdo","Totalmente en desacuerdo","NS/NC","","","","","","","","","","","","","","","",NA,NA,NA,NA,NA,NA,NA,NA,NA,NA,NA,NA,NA,NA,"Intervalo",""
"313","Q141.2","PEJ es una organización con credibilidad","Escala 1-5",TRUE,"1=Totalmente de acuerdo;2=Parcialmente de acuerdo;3=Parcialmente en desacuerdo;4=Totalmente en desacuerdo;5=NS/NC","","Totalmente de acuerdo","Parcialmente de acuerdo","Parcialmente en desacuerdo","Totalmente en desacuerdo","NS/NC","","","","","","","","","","","","","","","",NA,NA,NA,NA,NA,NA,NA,NA,NA,NA,NA,NA,NA,NA,"Intervalo",""
"314","Q141.3","PEJ es propositiva","Escala 1-5",TRUE,"1=Totalmente de acuerdo;2=Parcialmente de acuerdo;3=Parcialmente en desacuerdo;4=Totalmente en desacuerdo;5=NS/NC","","Totalmente de acuerdo","Parcialmente de acuerdo","Parcialmente en desacuerdo","Totalmente en desacuerdo","NS/NC","","","","","","","","","","","","","","","",NA,NA,NA,NA,NA,NA,NA,NA,NA,NA,NA,NA,NA,NA,"Intervalo",""
"315","Q142","Sexo","Escala 1-2",TRUE,"1=Mujer;2=Hombre","","Mujer","Hombre","","","","","","","","","","","","","","","","","","",NA,NA,NA,NA,NA,NA,NA,NA,NA,NA,NA,NA,NA,NA,"Necesita Clasificacion",""
"316","Q143","Edad (escrita)","Texto",FALSE,"","","","","","","","","","","","","","","","","","","","","","",NA,NA,NA,NA,NA,NA,NA,NA,NA,NA,NA,NA,NA,NA,"Necesita Clasificacion",""
"317","Q144","Rango de edad","Escala 1-4",TRUE,"1=18 a 29 años;2=30 a 44 años;3=45 a 59 años;4=60 años o más","","18 a 29 años","30 a 44 años","45 a 59 años","60 años o más","","","","","","","","","","","","","","","","",NA,NA,NA,NA,NA,NA,NA,NA,NA,NA,NA,NA,NA,NA,"Ordinal",""
"318","Q145","¿Cuál es el grado de escolaridad?","Escala 1-13",TRUE,"1=Analfabeta;2=Primaria terminada;3=Primaria incompleta;4=Secundaria terminada;5=Secundaria incompleta;6=Preparatoria terminada;7=Preparatoria incompleta;8=Universidad terminada;9=Universidad incompleta;10=Maestrías/Doctorados;11=Carrera técnica terminada;12=Carrera técnica incompleta;13=Sabe leer y escribir (no fue a la escuela)","","Analfabeta","Primaria terminada","Primaria incompleta","Secundaria terminada","Secundaria incompleta","Preparatoria terminada","Preparatoria incompleta","Universidad terminada","Universidad incompleta","Maestrías/Doctorados","Carrera técnica terminada","Carrera técnica incompleta","Sabe leer y escribir (no fue a la escuela)","","","","","","","",NA,NA,NA,NA,NA,NA,NA,NA,NA,NA,NA,NA,NA,NA,"Ordinal",""
"319","Q146","Ocupación","Escala 1-9",TRUE,"1=Hogar;2=Empleado de empresa privada;3=Empleado de empresa pública;4=Desempleado;5=Estudiante;6=Estudiante que trabaja;7=Empleador/empresario;8=Jubilado/pensionado;9=Cuenta propia/autoempleador","","Hogar","Empleado de empresa privada","Empleado de empresa pública","Desempleado","Estudiante","Estudiante que trabaja","Empleador/empresario","Jubilado/pensionado","Cuenta propia/autoempleador","","","","","","","","","","","",NA,NA,NA,NA,NA,NA,NA,NA,NA,NA,NA,NA,NA,NA,"Binaria",""
"320","Q147","¿Cuenta con Seguro Social (IMSS)?","Escala 1-2",TRUE,"1=Sí;2=No","","Sí","No","","","","","","","","","","","","","","","","","","",NA,NA,NA,NA,NA,NA,NA,NA,NA,NA,NA,NA,NA,NA,"Binaria",""
"321","Q148","Recibe algun ingreso personal de algun tipo?","Escala 1-2",TRUE,"1=Sí;2=No","","Sí","No","","","","","","","","","","","","","","","","","","",NA,NA,NA,NA,NA,NA,NA,NA,NA,NA,NA,NA,NA,NA,"Binaria",""
"322","Q149","Durante 2024, cuál fue su rango de ingreso PERSONAL por semana?","Escala 1-26",TRUE,"1= $0 a $2939.16 ;2= $2939.23 a $5878.32 ;3= $5878.39 a $8817.48 ;4= $8817.55 a $11756.64 ;5= $11756.71 a $14695.8 ;6= $14695.87 a $17634.96 ;7= $17635.03 a $20574.12 ;8= $20574.19 a $23513.28 ;9= $23513.35 a $26452.44 ;10= $26452.51 a $29391.6 ;11= $29391.67 a $32330.76 ;12= $32330.83 a $35269.92 ;13= $35269.99 a $38209.08 ;14= $38209.15 a $41148.24 ;15= $41148.31 a $44087.4 ;16= $44087.47 a $47026.56 ;17= $47026.63 a $49965.72 ;18= Mas de $49,965.79 ",""," $0 a $2939.16 "," $2939.23 a $5878.32 "," $5878.39 a $8817.48 "," $8817.55 a $11756.64 "," $11756.71 a $14695.8 "," $14695.87 a $17634.96 "," $17635.03 a $20574.12 "," $20574.19 a $23513.28 "," $23513.35 a $26452.44 "," $26452.51 a $29391.6 "," $29391.67 a $32330.76 "," $32330.83 a $35269.92 "," $35269.99 a $38209.08 "," $38209.15 a $41148.24 "," $41148.31 a $44087.4 "," $44087.47 a $47026.56 "," $47026.63 a $49965.72 "," Mas de $49,965.79 ","","",NA,NA,NA,NA,NA,NA,NA,NA,NA,NA,NA,NA,NA,NA,"Ordinal",""
"323","Q150","A Indique si es un periodo distinto a la semana PERSONAL","Texto",FALSE,"","","","","","","","","","","","","","","","","","","","","","",NA,NA,NA,NA,NA,NA,NA,NA,NA,NA,NA,NA,NA,NA,"Nominal (Abierta)",""
"324","Q151","Durante 2024, cuál fue su rango de ingreso FAMILIAR por semana?","Escala 1-26",TRUE,"1= $0 a $2939.16 ;2= $2939.23 a $5878.32 ;3= $5878.39 a $8817.48 ;4= $8817.55 a $11756.64 ;5= $11756.71 a $14695.8 ;6= $14695.87 a $17634.96 ;7= $17635.03 a $20574.12 ;8= $20574.19 a $23513.28 ;9= $23513.35 a $26452.44 ;10= $26452.51 a $29391.6 ;11= $29391.67 a $32330.76 ;12= $32330.83 a $35269.92 ;13= $35269.99 a $38209.08 ;14= $38209.15 a $41148.24 ;15= $41148.31 a $44087.4 ;16= $44087.47 a $47026.56 ;17= $47026.63 a $49965.72 ;18= Mas de $49,965.79 ",""," $0 a $2939.16 "," $2939.23 a $5878.32 "," $5878.39 a $8817.48 "," $8817.55 a $11756.64 "," $11756.71 a $14695.8 "," $14695.87 a $17634.96 "," $17635.03 a $20574.12 "," $20574.19 a $23513.28 "," $23513.35 a $26452.44 "," $26452.51 a $29391.6 "," $29391.67 a $32330.76 "," $32330.83 a $35269.92 "," $35269.99 a $38209.08 "," $38209.15 a $41148.24 "," $41148.31 a $44087.4 "," $44087.47 a $47026.56 "," $47026.63 a $49965.72 "," Mas de $49,965.79 ","","",NA,NA,NA,NA,NA,NA,NA,NA,NA,NA,NA,NA,NA,NA,"Ordinal",""
"325","Q152","A Indique si es un periodo distinto a la semana FAMILIAR","Texto",FALSE,"","","","","","","","","","","","","","","","","","","","","","",NA,NA,NA,NA,NA,NA,NA,NA,NA,NA,NA,NA,NA,NA,"Nominal (Abierta)",""
"326","Q153","Colonia, direccion visitada","Texto",FALSE,"","","","","","","","","","","","","","","","","","","","","","",NA,NA,NA,NA,NA,NA,NA,NA,NA,NA,NA,NA,NA,NA,"Necesita Clasificacion",""
