"","X.1","X","variable","label","type","has_value_labels","value_labels","X0","X1","X2","X3","X4","X5","X6","X7","X8","X9","X10","X11","X12","X13","X14","X15","X16","X17","X18","X19","X20","X21","X22","X23","X24","X25","X26","X27","X28","X29","X30","X31","X32","X33","X34","scale_type","MainTheme","Subtheme"
"1",1,1,"I1","FOLIO A","",NA,"","","","","","","","","","","","","","","","","","","","","",NA,NA,NA,NA,NA,NA,NA,NA,NA,NA,NA,NA,NA,NA,NA,"Necesita Clasificacion","Internal","Internal"
"2",2,2,"I2","ResultID","",NA,"","","","","","","","","","","","","","","","","","","","","",NA,NA,NA,NA,NA,NA,NA,NA,NA,NA,NA,NA,NA,NA,NA,"Necesita Clasificacion","Internal","Internal"
"3",3,3,"Q1","AGEB","Numérico",FALSE,"","","","","","","","","","","","","","","","","","","","","",NA,NA,NA,NA,NA,NA,NA,NA,NA,NA,NA,NA,NA,NA,NA,"Necesita Clasificacion","Internal","Internal"
"4",4,4,"Q2","Distrito electoral local","Escala 2-10",FALSE,"","","","","","","","","","","","","","","","","","","","","",NA,NA,NA,NA,NA,NA,NA,NA,NA,NA,NA,NA,NA,NA,NA,"Necesita Clasificacion","Internal","Internal"
"5",5,5,"Q4","En comparación con el año pasado, Diría usted que su situación económica personal ha mejorado, ha empeorado o sigue igual? (Aclaración: situación del 2024 con respecto a 2023)","Escala 1-6",TRUE,"1=Empeorado mucho;2=Empeorado algo;3=Igual;4=Mejorado algo;5=Mejorado mucho;6=NS/NC","","Empeorado mucho","Empeorado algo","Igual","Mejorado algo","Mejorado mucho","NS/NC","","","","","","","","","","","","","",NA,NA,NA,NA,NA,NA,NA,NA,NA,NA,NA,NA,NA,NA,NA,"Intervalo","Social & Economic Wellbeing","Economic Conditions"
"6",6,6,"Q5","Con el total del ingreso familiar, usted diría que...? (En 2024)","Escala 1-5",TRUE,"1=Les alcanza bien y pueden ahorrar;2=Les alcanza justo, sin grandes dificultades;3=No les alcanza y tienen dificultades;4=No les alcanza y tienen grandes dificultades;5=NS/NC","","Les alcanza bien y pueden ahorrar","Les alcanza justo, sin grandes dificultades","No les alcanza y tienen dificultades","No les alcanza y tienen grandes dificultades","NS/NC","","","","","","","","","","","","","","",NA,NA,NA,NA,NA,NA,NA,NA,NA,NA,NA,NA,NA,NA,NA,"Intervalo","Social & Economic Wellbeing","Economic Conditions"
"7",7,7,"Q6","En su familia, hay por lo menos 1 o más estudiantes de cualquier nivel educativo?","Escala 1-2",TRUE,"1=Sí;2=No","","Sí","No","","","","","","","","","","","","","","","","","",NA,NA,NA,NA,NA,NA,NA,NA,NA,NA,NA,NA,NA,NA,NA,"Binaria","Public Services","Education"
"8",8,8,"Q7","En una escala del 1 al 10, que tan satisfecho esta con la educacion que recibe? EDUCACIÓN BASICA: PRIMARIA Y SECUNDARIA","Escala 1-10",TRUE,"1=1;2=2;3=3;4=4;5=5;6=6;7=7;8=8;9=9;10=10;11=No hay ningun estudiante","","1","2","3","4","5","6","7","8","9","10","No hay ningun estudiante","","","","","","","","",NA,NA,NA,NA,NA,NA,NA,NA,NA,NA,NA,NA,NA,NA,NA,"Intervalo","Public Services","Education"
"9",9,9,"Q8","SOLO SI CONTESTO DEL 1 al 6 Por qué no se siente satisfecho? EDUCACIÓN BÁSICA (Si contesto 7 o mas, dejar vacío)","Texto",FALSE,"","","","","","","","","","","","","","","","","","","","","",NA,NA,NA,NA,NA,NA,NA,NA,NA,NA,NA,NA,NA,NA,NA,"Nominal (Abierta)","Public Services","Education"
"10",10,10,"Q8H","(HOMOLOGACION) SOLO SI CONTESTO DEL 1 al 6 Por qué no se siente satisfecho? EDUCACIÓN BÁSICA (Si contesto 7 o mas, dejar vacío)","",NA,"","","","","","","","","","","","","","","","","","","","","",NA,NA,NA,NA,NA,NA,NA,NA,NA,NA,NA,NA,NA,NA,NA,"Nominal (Abierta)","Public Services","Education"
"11",11,11,"Q9","Indique si la escuela BASICA es publica o privada","Escala 1-3",TRUE,"1=Publica;2=Privada;3=No hay","","Publica","Privada","No hay","","","","","","","","","","","","","","","","",NA,NA,NA,NA,NA,NA,NA,NA,NA,NA,NA,NA,NA,NA,NA,"Categorica","Public Services","Education"
"12",12,12,"Q10","En una escala del 1 al 10, Que tan satisfecho esta con la educacion que recibe? EDUCACION MEDIA","Escala 1-10",TRUE,"1=1;2=2;3=3;4=4;5=5;6=6;7=7;8=8;9=9;10=10;11=No hay ningun estudiante","","1","2","3","4","5","6","7","8","9","10","No hay ningun estudiante","","","","","","","","",NA,NA,NA,NA,NA,NA,NA,NA,NA,NA,NA,NA,NA,NA,NA,"Intervalo","Public Services","Education"
"13",13,13,"Q11","SOLO SI CONTESTO DEL 1 al 6 Por que no se siente satisfecho? EDUCACIÓN MEDIA (Si contesto 7 o mas, dejar vacío)","Texto",FALSE,"","","","","","","","","","","","","","","","","","","","","",NA,NA,NA,NA,NA,NA,NA,NA,NA,NA,NA,NA,NA,NA,NA,"Nominal (Abierta)","Public Services","Education"
"14",14,14,"Q11H","(HOMOLOGACION) SOLO SI CONTESTO DEL 1 al 6 Por que no se siente satisfecho? EDUCACIÓN MEDIA (Si contesto 7 o mas, dejar vacío)","",NA,"","","","","","","","","","","","","","","","","","","","","",NA,NA,NA,NA,NA,NA,NA,NA,NA,NA,NA,NA,NA,NA,NA,"Nominal (Abierta)","Public Services","Education"
"15",15,15,"Q12","Indique si la escuela MEDIA es publica o privada","Escala 1-3",TRUE,"1=Publica;2=Privada;3=No hay","","Publica","Privada","No hay","","","","","","","","","","","","","","","","",NA,NA,NA,NA,NA,NA,NA,NA,NA,NA,NA,NA,NA,NA,NA,"Categorica","Public Services","Education"
"16",16,16,"Q13","En una escala del 1 al 10, Qué tan satisfecho esta con la educacion que recibe? EDUCACION SUPERIOR","Escala 1-10",TRUE,"1=1;2=2;3=3;4=4;5=5;6=6;7=7;8=8;9=9;10=10;11=No hay ningun estudiante","","1","2","3","4","5","6","7","8","9","10","No hay ningun estudiante","","","","","","","","",NA,NA,NA,NA,NA,NA,NA,NA,NA,NA,NA,NA,NA,NA,NA,"Intervalo","Public Services","Education"
"17",17,17,"Q14","SOLO SI CONTESTO DEL 1 al 6 Por que no se siente satisfecho? EDUCACION MEDIA (Si contesto 7 o mas, dejar vacio)","Texto",TRUE,"8= ","","","","","","","",""," ","","","","","","","","","","","",NA,NA,NA,NA,NA,NA,NA,NA,NA,NA,NA,NA,NA,NA,NA,"Nominal (Abierta)","Public Services","Education"
"18",18,18,"Q14H","(HOMOLOGACION) SOLO SI CONTESTO DEL 1 al 6 Por que no se siente satisfecho? EDUCACION MEDIA (Si contesto 7 o mas, dejar vacio)","",NA,"","","","","","","","","","","","","","","","","","","","","",NA,NA,NA,NA,NA,NA,NA,NA,NA,NA,NA,NA,NA,NA,NA,"Nominal (Abierta)","Public Services","Education"
"19",19,19,"Q15","Indique si la escuela SUPERIOR es publica o privada","Escala 1-3",TRUE,"1=Publica;2=Privada;3=No hay","","Publica","Privada","No hay","","","","","","","","","","","","","","","","",NA,NA,NA,NA,NA,NA,NA,NA,NA,NA,NA,NA,NA,NA,NA,"Categorica","Public Services","Education"
"20",20,20,"Q16.1","Actividades dentro del hogar (internet, tv, radio, lectura, ejercicio, videojuegos, etc.)","Escala 1-2",TRUE,"1=Sí;2=No","","Sí","No","","","","","","","","","","","","","","","","","",NA,NA,NA,NA,NA,NA,NA,NA,NA,NA,NA,NA,NA,NA,NA,"Binaria","Social & Economic Wellbeing","Cultural Participation"
"21",21,21,"Q16.2","Fue a un parque o estuvo en contacto con la naturaleza","Escala 1-2",TRUE,"1=Sí;2=No","","Sí","No","","","","","","","","","","","","","","","","","",NA,NA,NA,NA,NA,NA,NA,NA,NA,NA,NA,NA,NA,NA,NA,"Binaria","Social & Economic Wellbeing","Cultural Participation"
"22",22,22,"Q16.3","Visito un centro y/o plaza comercial","Escala 1-2",TRUE,"1=Sí;2=No;5= ","","Sí","No","",""," ","","","","","","","","","","","","","","",NA,NA,NA,NA,NA,NA,NA,NA,NA,NA,NA,NA,NA,NA,NA,"Binaria","Social & Economic Wellbeing","Cultural Participation"
"23",23,23,"Q16.4","Visito las segundas y/o bazares","Escala 1-2",TRUE,"1=Sí;2=No","","Sí","No","","","","","","","","","","","","","","","","","",NA,NA,NA,NA,NA,NA,NA,NA,NA,NA,NA,NA,NA,NA,NA,"Binaria","Social & Economic Wellbeing","Cultural Participation"
"24",24,24,"Q16.5","Fue a una cantina, bar o antro","Escala 1-2",TRUE,"1=Sí;2=No","","Sí","No","","","","","","","","","","","","","","","","","",NA,NA,NA,NA,NA,NA,NA,NA,NA,NA,NA,NA,NA,NA,NA,"Binaria","Social & Economic Wellbeing","Cultural Participation"
"25",25,25,"Q16.6","Fue al cine","Escala 1-2",TRUE,"1=Sí;2=No","","Sí","No","","","","","","","","","","","","","","","","","",NA,NA,NA,NA,NA,NA,NA,NA,NA,NA,NA,NA,NA,NA,NA,"Binaria","Social & Economic Wellbeing","Cultural Participation"
"26",26,26,"Q16.7","Asistio a una biblioteca","Escala 1-2",TRUE,"1=Sí;2=No;5= ","","Sí","No","",""," ","","","","","","","","","","","","","","",NA,NA,NA,NA,NA,NA,NA,NA,NA,NA,NA,NA,NA,NA,NA,"Binaria","Social & Economic Wellbeing","Cultural Participation"
"27",27,27,"Q16.8","Asistio a un concierto o espectaculo de musica","Escala 1-2",TRUE,"1=Sí;2=No;11= ","","Sí","No","","","","","","","",""," ","","","","","","","","",NA,NA,NA,NA,NA,NA,NA,NA,NA,NA,NA,NA,NA,NA,NA,"Binaria","Social & Economic Wellbeing","Cultural Participation"
"28",28,28,"Q16.9","Asistio a una feria, fiesta popular o festividad religiosa","Escala 1-2",TRUE,"1=Sí;2=No","","Sí","No","","","","","","","","","","","","","","","","","",NA,NA,NA,NA,NA,NA,NA,NA,NA,NA,NA,NA,NA,NA,NA,"Binaria","Social & Economic Wellbeing","Cultural Participation"
"29",29,29,"Q16.10","Asistio a un museo, galeria o casa de cultura","Escala 1-2",TRUE,"1=Sí;2=No","","Sí","No","","","","","","","","","","","","","","","","","",NA,NA,NA,NA,NA,NA,NA,NA,NA,NA,NA,NA,NA,NA,NA,"Binaria","Social & Economic Wellbeing","Cultural Participation"
"30",30,30,"Q16.11","Vio un espectaculo de teatro o danza (artes escenicas)","Escala 1-2",TRUE,"1=Sí;2=No","","Sí","No","","","","","","","","","","","","","","","","","",NA,NA,NA,NA,NA,NA,NA,NA,NA,NA,NA,NA,NA,NA,NA,"Binaria","Social & Economic Wellbeing","Cultural Participation"
"31",31,31,"Q16.12","Visito una zona historica o arqueologica, monumentos","Escala 1-2",TRUE,"1=Sí;2=No","","Sí","No","","","","","","","","","","","","","","","","","",NA,NA,NA,NA,NA,NA,NA,NA,NA,NA,NA,NA,NA,NA,NA,"Binaria","Social & Economic Wellbeing","Cultural Participation"
"32",32,32,"Q16.13","Asistio a conferencias, conservatorios, coloquios","Escala 1-2",TRUE,"1=Sí;2=No","","Sí","No","","","","","","","","","","","","","","","","","",NA,NA,NA,NA,NA,NA,NA,NA,NA,NA,NA,NA,NA,NA,NA,"Binaria","Social & Economic Wellbeing","Cultural Participation"
"33",33,33,"Q16.14","Asistio o participo en un evento deportivo","Escala 1-2",TRUE,"1=Sí;2=No","","Sí","No","","","","","","","","","","","","","","","","","",NA,NA,NA,NA,NA,NA,NA,NA,NA,NA,NA,NA,NA,NA,NA,"Binaria","Social & Economic Wellbeing","Cultural Participation"
"34",34,34,"Q16.15","Realizo ejercicio o actividad fisica (Gym, correr, bicibleta, caminar, etc.)","Escala 1-2",TRUE,"1=Sí;2=No","","Sí","No","","","","","","","","","","","","","","","","","",NA,NA,NA,NA,NA,NA,NA,NA,NA,NA,NA,NA,NA,NA,NA,"Binaria","Social & Economic Wellbeing","Cultural Participation"
"35",35,35,"Q17.1","IMSS","Escala 1-2",TRUE,"1=Sí;2=No","","Sí","No","","","","","","","","","","","","","","","","","",NA,NA,NA,NA,NA,NA,NA,NA,NA,NA,NA,NA,NA,NA,NA,"Binaria","Public Services","Healthcare"
"36",36,36,"Q17.2","ISSSTE","Escala 1-2",TRUE,"1=Sí;2=No","","Sí","No","","","","","","","","","","","","","","","","","",NA,NA,NA,NA,NA,NA,NA,NA,NA,NA,NA,NA,NA,NA,NA,"Binaria","Public Services","Healthcare"
"37",37,37,"Q17.3","Instituto de Salud de Bienestar","Escala 1-2",TRUE,"1=Sí;2=No","","Sí","No","","","","","","","","","","","","","","","","","",NA,NA,NA,NA,NA,NA,NA,NA,NA,NA,NA,NA,NA,NA,NA,"Binaria","Public Services","Healthcare"
"38",38,38,"Q17.4","Médicos de farmacias/genéricos","Escala 1-2",TRUE,"1=Sí;2=No","","Sí","No","","","","","","","","","","","","","","","","","",NA,NA,NA,NA,NA,NA,NA,NA,NA,NA,NA,NA,NA,NA,NA,"Binaria","Public Services","Healthcare"
"39",39,39,"Q17.5","Servicio médico privado/particulares","Escala 1-2",TRUE,"1=Sí;2=No","","Sí","No","","","","","","","","","","","","","","","","","",NA,NA,NA,NA,NA,NA,NA,NA,NA,NA,NA,NA,NA,NA,NA,"Binaria","Public Services","Healthcare"
"40",40,40,"Q17.6","No tiene servicio médico","Escala 1-2",TRUE,"1=Sí;2=No","","Sí","No","","","","","","","","","","","","","","","","","",NA,NA,NA,NA,NA,NA,NA,NA,NA,NA,NA,NA,NA,NA,NA,"Binaria","Public Services","Healthcare"
"41",41,41,"Q17.7","Otro (especifique cuál):","Escala 1-2",TRUE,"1=Sí;2=No","","Sí","No","","","","","","","","","","","","","","","","","",NA,NA,NA,NA,NA,NA,NA,NA,NA,NA,NA,NA,NA,NA,NA,"Binaria","Public Services","Healthcare"
"42",42,42,"Q17.7.1","Other","Texto",FALSE,"","","","","","","","","","","","","","","","","","","","","",NA,NA,NA,NA,NA,NA,NA,NA,NA,NA,NA,NA,NA,NA,NA,"Nominal (Abierta)","Public Services","Healthcare"
"43",43,43,"Q17.7.1H","(HOMOLOGACION) Other","",NA,"","","","","","","","","","","","","","","","","","","","","",NA,NA,NA,NA,NA,NA,NA,NA,NA,NA,NA,NA,NA,NA,NA,"Nominal (Abierta)","Public Services","Healthcare"
"44",44,44,"Q17.8","MEDICHIHUAHUA","Escala 1-2",TRUE,"1=Sí;2=No","","Sí","No","","","","","","","","","","","","","","","","","",NA,NA,NA,NA,NA,NA,NA,NA,NA,NA,NA,NA,NA,NA,NA,"Binaria","Public Services","Healthcare"
"45",45,45,"Q18","Aunque ya menciono cual servicio medico tiene, Cual es el que USA? (Al que MAS acude/usa cuando se enferma)","Escala 1-8",TRUE,"1=IMSS;2=ISSSTE;3=Instituto de Salud de Bienestar;4=Médicos de farmacias/genéricos;5=Servicio médico privado/particulares;6=No usa ningún tipo de servicio médico;7=Otro (especifique cuál):;8=Medichihuahua","","IMSS","ISSSTE","Instituto de Salud de Bienestar","Médicos de farmacias/genéricos","Servicio médico privado/particulares","No usa ningún tipo de servicio médico","Otro (especifique cuál):","Medichihuahua","","","","","","","","","","","",NA,NA,NA,NA,NA,NA,NA,NA,NA,NA,NA,NA,NA,NA,NA,"Categorica","Public Services","Healthcare"
"46",46,46,"Q18.1.1","Other","Texto",FALSE,"","","","","","","","","","","","","","","","","","","","","",NA,NA,NA,NA,NA,NA,NA,NA,NA,NA,NA,NA,NA,NA,NA,"Nominal (Abierta)","Public Services","Healthcare"
"47",47,47,"Q18.1.1H","(HOMOLOGACION) Other","",NA,"","","","","","","","","","","","","","","","","","","","","",NA,NA,NA,NA,NA,NA,NA,NA,NA,NA,NA,NA,NA,NA,NA,"Nominal (Abierta)","Public Services","Healthcare"
"48",48,48,"Q19","En una escala del 1 al 10, Que tan satisfecho/a esta en GENERAL con los servicios de salud que recibe del servicio medico que mas USA?","Escala 1-10",TRUE,"1=1;2=2;3=3;4=4;5=5;6=6;7=7;8=8;9=9;10=10;11=NS/NC","","1","2","3","4","5","6","7","8","9","10","NS/NC","","","","","","","","",NA,NA,NA,NA,NA,NA,NA,NA,NA,NA,NA,NA,NA,NA,NA,"Intervalo","Public Services","Healthcare"
"49",49,49,"Q20","En escala del 1 al 10, Que tan satisfecho esta con las INSTALACIONES del servicio medico que usa?","Escala 1-10",TRUE,"1=1;2=2;3=3;4=4;5=5;6=6;7=7;8=8;9=9;10=10;11=NS/NC","","1","2","3","4","5","6","7","8","9","10","NS/NC","","","","","","","","",NA,NA,NA,NA,NA,NA,NA,NA,NA,NA,NA,NA,NA,NA,NA,"Intervalo","Public Services","Healthcare"
"50",50,50,"Q21","En escala del 1 al 10, Que tan satisfecho está con el TIEMPO QUE TARDA EN SER ATENDIDO del servicio medico que usa?","Escala 1-10",TRUE,"1=1;2=2;3=3;4=4;5=5;6=6;7=7;8=8;9=9;10=10;11=NS/NC","","1","2","3","4","5","6","7","8","9","10","NS/NC","","","","","","","","",NA,NA,NA,NA,NA,NA,NA,NA,NA,NA,NA,NA,NA,NA,NA,"Intervalo","Public Services","Healthcare"
"51",51,51,"Q22","En escala del 1 al 10, Que tan satisfecho está con la DISPONIBILIDAD DE MEDICINAS del servicio medico que usa?","Escala 1-10",TRUE,"1=1;2=2;3=3;4=4;5=5;6=6;7=7;8=8;9=9;10=10;11=NS/NC","","1","2","3","4","5","6","7","8","9","10","NS/NC","","","","","","","","",NA,NA,NA,NA,NA,NA,NA,NA,NA,NA,NA,NA,NA,NA,NA,"Intervalo","Public Services","Healthcare"
"52",52,52,"Q23","En escala del 1 al 10, Que tan satisfecho está con la ATENCIÓN RECIBIDA del servicio médico que usa?","Escala 1-10",TRUE,"1=1;2=2;3=3;4=4;5=5;6=6;7=7;8=8;9=9;10=10;11=NS/NC","","1","2","3","4","5","6","7","8","9","10","NS/NC","","","","","","","","",NA,NA,NA,NA,NA,NA,NA,NA,NA,NA,NA,NA,NA,NA,NA,"Intervalo","Public Services","Healthcare"
"53",53,53,"Q24","En escala del 1 al 10, Que tan satisfecho está con la CERCANIA CON LOS CENTROS DE SALUD del servicio médico que usa?","Escala 1-10",TRUE,"1=1;2=2;3=3;4=4;5=5;6=6;7=7;8=8;9=9;10=10;11=NS/NC","","1","2","3","4","5","6","7","8","9","10","NS/NC","","","","","","","","",NA,NA,NA,NA,NA,NA,NA,NA,NA,NA,NA,NA,NA,NA,NA,"Intervalo","Public Services","Healthcare"
"54",54,54,"Q25","En una escala del 1 al 10, Que tan satisfecho esta con LA CASA EN LA QUE VIVE?","Escala 1-10",TRUE,"1=1;2=2;3=3;4=4;5=5;6=6;7=7;8=8;9=9;10=10;11=NS/NC;13= ","","1","2","3","4","5","6","7","8","9","10","NS/NC",""," ","","","","","","",NA,NA,NA,NA,NA,NA,NA,NA,NA,NA,NA,NA,NA,NA,NA,"Intervalo","Public Services","Housing"
"55",55,55,"Q26","En una escala del 1 al 10, Que tan satisfecho esta con LA CALIDAD DE LOS MATERIALES DE LA VIVIENDA?","Escala 1-10",TRUE,"1=1;2=2;3=3;4=4;5=5;6=6;7=7;8=8;9=9;10=10;11=NS/NC","","1","2","3","4","5","6","7","8","9","10","NS/NC","","","","","","","","",NA,NA,NA,NA,NA,NA,NA,NA,NA,NA,NA,NA,NA,NA,NA,"Intervalo","Public Services","Housing"
"56",56,56,"Q27","En una escala del 1 al 10, Qué tan satisfecho está con EL TAMAÑO Y ESPACIOS DE LA VIVIENDA?","Escala 1-10",TRUE,"1=1;2=2;3=3;4=4;5=5;6=6;7=7;8=8;9=9;10=10;11=NS/NC","","1","2","3","4","5","6","7","8","9","10","NS/NC","","","","","","","","",NA,NA,NA,NA,NA,NA,NA,NA,NA,NA,NA,NA,NA,NA,NA,"Intervalo","Public Services","Housing"
"57",57,57,"Q28","En una escala del 1 al 10, que tan satisfecho está con LA ACCESIBILIDAD DE LA UBICACIÓN DE SU VIVIENDA? (Cercanía con centros comerciales, trabajo, escuelas, avenidas principales, etc.)","Escala 1-10",TRUE,"1=1;2=2;3=3;4=4;5=5;6=6;7=7;8=8;9=9;10=10;11=NS/NC","","1","2","3","4","5","6","7","8","9","10","NS/NC","","","","","","","","",NA,NA,NA,NA,NA,NA,NA,NA,NA,NA,NA,NA,NA,NA,NA,"Intervalo","Public Services","Housing"
"58",58,58,"Q29","En una escala del 1 al 10, Que tan satisfecho esta con el SERVICIO DEL AGUA?","Escala 1-10",TRUE,"1=1;2=2;3=3;4=4;5=5;6=6;7=7;8=8;9=9;10=10;11=No tiene","","1","2","3","4","5","6","7","8","9","10","No tiene","","","","","","","","",NA,NA,NA,NA,NA,NA,NA,NA,NA,NA,NA,NA,NA,NA,NA,"Intervalo","Public Services","Utilities & Infrastructure"
"59",59,59,"Q30","En una escala del 1 al 10, que tan satisfecho está con el SERVICIO DE DRENAJE Y ALCANTARILLADO?","Escala 1-10",TRUE,"1=1;2=2;3=3;4=4;5=5;6=6;7=7;8=8;9=9;10=10;11=No tiene","","1","2","3","4","5","6","7","8","9","10","No tiene","","","","","","","","",NA,NA,NA,NA,NA,NA,NA,NA,NA,NA,NA,NA,NA,NA,NA,"Intervalo","Public Services","Utilities & Infrastructure"
"60",60,60,"Q31","Cuantos dias a la semana tiene suministro de agua?","Escala 0-7",TRUE,"0=0;1=1;2=2;3=3;4=4;5=5;6=6;7=7","0","1","2","3","4","5","6","7","","","","","","","","","","","","",NA,NA,NA,NA,NA,NA,NA,NA,NA,NA,NA,NA,NA,NA,NA,"Razon","Public Services","Utilities & Infrastructure"
"61",61,61,"Q32","Durante este año Interpuso algun reporte relacionado al servicio de agua potable, drenaje o alcantarillado ante la autoridad correspondiente?","Escala 0-3",TRUE,"1=SI;2=NO;3=no sabe",NA,"SI","NO","no sabe","","","","","","","","","","","","","","","","",NA,NA,NA,NA,NA,NA,NA,NA,NA,NA,NA,NA,NA,NA,NA,"Binaria","Public Services","Utilities & Infrastructure"
"62",62,62,"Q33","El problema fue atendido por la dependencia?","Escala 0-2",TRUE,"1=SI;2=NO",NA,"SI","NO","","","","","","","","","","","","","","","","","",NA,NA,NA,NA,NA,NA,NA,NA,NA,NA,NA,NA,NA,NA,NA,"Binaria","Public Services","Utilities & Infrastructure"
"63",63,63,"Q34","En una escala del 1 al 10, Que tan satisfecho esta con la solución del problema del agua, drenaje o alcantarillado?","Escala 1-10",TRUE,"1=1;2=2;3=3;4=4;5=5;6=6;7=7;8=8;9=9;10=10","","1","2","3","4","5","6","7","8","9","10","","","","","","","","","",NA,NA,NA,NA,NA,NA,NA,NA,NA,NA,NA,NA,NA,NA,NA,"Intervalo","Public Services","Utilities & Infrastructure"
"64",64,64,"Q35","En una escala del 1 al 10, Que tan satisfecho esta con el SERVICIO DE Comision Federal de Electricidad (CFE)?","Escala 1-10",TRUE,"1=1;2=2;3=3;4=4;5=5;6=6;7=7;8=8;9=9;10=10;11=No tiene","","1","2","3","4","5","6","7","8","9","10","No tiene","","","","","","","","",NA,NA,NA,NA,NA,NA,NA,NA,NA,NA,NA,NA,NA,NA,NA,"Intervalo","Public Services","Utilities & Infrastructure"
"65",65,65,"Q36","En el ultimo mes qué tan frecuentemente se fue la luz en su casa?","Escala 0-5",TRUE,"1=Casi todos los dias;2=Al menos una vez a la semana;3=Al menos una vez al mes;4=Solo hubo un apagon;5=No hubo apagones",NA,"Casi todos los dias","Al menos una vez a la semana","Al menos una vez al mes","Solo hubo un apagon","No hubo apagones","","","","","","","","","","","","","","",NA,NA,NA,NA,NA,NA,NA,NA,NA,NA,NA,NA,NA,NA,NA,"Ordinal","Public Services","Utilities & Infrastructure"
"66",66,66,"Q37","Durante este año Interpuso algun reporte relacionado al servicio energía eléctrica ante la autoridad correspondiente?","Escala 0-3",TRUE,"1=SI;2=NO;3=no sabe",NA,"SI","NO","no sabe","","","","","","","","","","","","","","","","",NA,NA,NA,NA,NA,NA,NA,NA,NA,NA,NA,NA,NA,NA,NA,"Binaria","Public Services","Utilities & Infrastructure"
"67",67,67,"Q38","El problema fue atendido por la dependencia?","Escala 0-2",TRUE,"1=SI;2=NO;5= ",NA,"SI","NO","",""," ","","","","","","","","","","","","","","",NA,NA,NA,NA,NA,NA,NA,NA,NA,NA,NA,NA,NA,NA,NA,"Binaria","Public Services","Utilities & Infrastructure"
"68",68,68,"Q39","En una escala del 1 al 10, Que tan satisfecho esta con la solución del problema del energia electrica?","Escala 1-10",TRUE,"1=1;2=2;3=3;4=4;5=5;6=6;7=7;8=8;9=9;10=10","","1","2","3","4","5","6","7","8","9","10","","","","","","","","","",NA,NA,NA,NA,NA,NA,NA,NA,NA,NA,NA,NA,NA,NA,NA,"Intervalo","Public Services","Utilities & Infrastructure"
"69",69,69,"Q40","En una escala del 1 al 10, Que tan satisfecho esta con el SERVICIO DE RECOLECCION DE BASURA?","Escala 1-10",TRUE,"1=1;2=2;3=3;4=4;5=5;6=6;7=7;8=8;9=9;10=10","","1","2","3","4","5","6","7","8","9","10","","","","","","","","","",NA,NA,NA,NA,NA,NA,NA,NA,NA,NA,NA,NA,NA,NA,NA,"Intervalo","Public Services","Utilities & Infrastructure"
"70",70,70,"Q41","Cuantos días a la semana tiene servicio de recolección de basura? (opciones de 0 a 3)","Escala 1-5",TRUE,"1=1 DIA;2=2 DIAS;3=3 DIAS;4=Es irregular;5=No sabe","","1 DIA","2 DIAS","3 DIAS","Es irregular","No sabe","","","","","","","","","","","","","","",NA,NA,NA,NA,NA,NA,NA,NA,NA,NA,NA,NA,NA,NA,NA,"Razon","Public Services","Utilities & Infrastructure"
"71",71,71,"Q42","Durante este año Interpuso algun reporte relacionado al servicio recoleccion de basura ante la autoridad correspondiente?","Escala 0-3",TRUE,"1=SI;2=NO;3=no sabe;5= ","","SI","NO","no sabe",""," ","","","","","","","","","","","","","","",NA,NA,NA,NA,NA,NA,NA,NA,NA,NA,NA,NA,NA,NA,NA,"Binaria","Public Services","Utilities & Infrastructure"
"72",72,72,"Q43","El problema fue atendido por la dependencia?","Escala 0-2",TRUE,"1=SI;2=NO","","SI","NO","","","","","","","","","","","","","","","","","",NA,NA,NA,NA,NA,NA,NA,NA,NA,NA,NA,NA,NA,NA,NA,"Binaria","Public Services","Utilities & Infrastructure"
"73",73,73,"Q44","En una escala del 1 al 10, que tan satisfecho esta con la solución del problema de recoleccion de basura?","Escala 1-10",TRUE,"1=1;2=2;3=3;4=4;5=5;6=6;7=7;8=8;9=9;10=10","","1","2","3","4","5","6","7","8","9","10","","","","","","","","","",NA,NA,NA,NA,NA,NA,NA,NA,NA,NA,NA,NA,NA,NA,NA,"Intervalo","Public Services","Utilities & Infrastructure"
"74",74,74,"Q45","En una escala del 1 al 10, .Quw tan satisfecho se siente con la calidad del servicio de alumbrado público en la CIUDAD?","Escala 1-10",TRUE,"1=1;2=2;3=3;4=4;5=5;6=6;7=7;8=8;9=9;10=10","","1","2","3","4","5","6","7","8","9","10","","","","","","","","","",NA,NA,NA,NA,NA,NA,NA,NA,NA,NA,NA,NA,NA,NA,NA,"Intervalo","Public Services","Utilities & Infrastructure"
"75",75,75,"Q46","En una escala del 1 al 10, que tan satisfecho está con el SERVICIO DE ALUMBRADO PUBLICO DE SU COLONIA?","Escala 1-10",TRUE,"1=1;2=2;3=3;4=4;5=5;6=6;7=7;8=8;9=9;10=10","","1","2","3","4","5","6","7","8","9","10","","","","","","","","","",NA,NA,NA,NA,NA,NA,NA,NA,NA,NA,NA,NA,NA,NA,NA,"Intervalo","Public Services","Utilities & Infrastructure"
"76",76,76,"Q47","En una escala del 1 al 10, Que tan satisfecho se siente con la iluminacion adecuada de vialidades y áreas públicas en la ciudad?","Escala 1-10",TRUE,"1=1;2=2;3=3;4=4;5=5;6=6;7=7;8=8;9=9;10=10","","1","2","3","4","5","6","7","8","9","10","","","","","","","","","",NA,NA,NA,NA,NA,NA,NA,NA,NA,NA,NA,NA,NA,NA,NA,"Intervalo","Public Services","Utilities & Infrastructure"
"77",77,77,"Q48","Durante este año Interpuso algún reporte relacionado al servicio de alumbrado publico ante la autoridad correspondiente?","Escala 0-3",TRUE,"1=SI;2=NO;3=no sabe","","SI","NO","no sabe","","","","","","","","","","","","","","","","",NA,NA,NA,NA,NA,NA,NA,NA,NA,NA,NA,NA,NA,NA,NA,"Binaria","Public Services","Utilities & Infrastructure"
"78",78,78,"Q49","El problema fue atendido por la dependencia?","Escala 0-2",TRUE,"1=SI;2=NO","","SI","NO","","","","","","","","","","","","","","","","","",NA,NA,NA,NA,NA,NA,NA,NA,NA,NA,NA,NA,NA,NA,NA,"Binaria","Public Services","Utilities & Infrastructure"
"79",79,79,"Q50","En una escala del 1 al 10, Que tan satisfecho esta con la solución del problema de alumbrado publico?","Escala 1-10",TRUE,"1=1;2=2;3=3;4=4;5=5;6=6;7=7;8=8;9=9;10=10","","1","2","3","4","5","6","7","8","9","10","","","","","","","","","",NA,NA,NA,NA,NA,NA,NA,NA,NA,NA,NA,NA,NA,NA,NA,"Intervalo","Public Services","Utilities & Infrastructure"
"80",80,80,"Q51","En una escala del 1 al 10, Que tan satisfecho se siente con la calidad de las calles y la pavimentación?","Escala 1-10",TRUE,"1=1;2=2;3=3;4=4;5=5;6=6;7=7;8=8;9=9;10=10","","1","2","3","4","5","6","7","8","9","10","","","","","","","","","",NA,NA,NA,NA,NA,NA,NA,NA,NA,NA,NA,NA,NA,NA,NA,"Intervalo","Public Services","Utilities & Infrastructure"
"81",81,81,"Q52","Durante este año Interpuso algún reporte relacionado a baches, calles o pavimentacion ante la autoridad correspondiente?","Escala 0-3",TRUE,"1=SI;2=NO;3=no sabe","","SI","NO","no sabe","","","","","","","","","","","","","","","","",NA,NA,NA,NA,NA,NA,NA,NA,NA,NA,NA,NA,NA,NA,NA,"Binaria","Public Services","Utilities & Infrastructure"
"82",82,82,"Q53","El problema fue atendido por la dependencia?","Escala 0-2",TRUE,"1=SI;2=NO","","SI","NO","","","","","","","","","","","","","","","","","",NA,NA,NA,NA,NA,NA,NA,NA,NA,NA,NA,NA,NA,NA,NA,"Binaria","Public Services","Utilities & Infrastructure"
"83",83,83,"Q54","En una escala del 1 al 10, Que tan satisfecho esta con la solución del problema de calles y pavimentacion?","Escala 1-10",TRUE,"1=1;2=2;3=3;4=4;5=5;6=6;7=7;8=8;9=9;10=10","","1","2","3","4","5","6","7","8","9","10","","","","","","","","","",NA,NA,NA,NA,NA,NA,NA,NA,NA,NA,NA,NA,NA,NA,NA,"Intervalo","Public Services","Utilities & Infrastructure"
"84",84,84,"Q55","En una escala del 1 al 10, Que tan satisfecho esta con LA SEMAFORIZACION y senales viales?","Escala 1-10",TRUE,"1=1;2=2;3=3;4=4;5=5;6=6;7=7;8=8;9=9;10=10","","1","2","3","4","5","6","7","8","9","10","","","","","","","","","",NA,NA,NA,NA,NA,NA,NA,NA,NA,NA,NA,NA,NA,NA,NA,"Intervalo","Urban Mobility & Environment","Transportation"
"85",85,85,"Q56","En una escala del 1 al 10, que tan satisfecho está con LA DISPONIBILIDAD DE ÁREAS VERDES Y ESPACIOS PÚBLICOS CERCA DE SU CASA?","Escala 1-10",TRUE,"1=1;2=2;3=3;4=4;5=5;6=6;7=7;8=8;9=9;10=10","","1","2","3","4","5","6","7","8","9","10","","","","","","","","","",NA,NA,NA,NA,NA,NA,NA,NA,NA,NA,NA,NA,NA,NA,NA,"Intervalo","Public Services","Utilities & Infrastructure"
"86",86,86,"Q57.1","Equipamiento","Escala 1-10",TRUE,"-99= ;1=1;2=2;3=3;4=4;5=5;6=6;7=7;8=8;9=9;10=10;11=NS/NC","","1","2","3","4","5","6","7","8","9","10","NS/NC","","","","","","","","",NA,NA,NA,NA,NA,NA,NA,NA,NA,NA,NA,NA,NA,NA,NA,"Intervalo","Public Services","Utilities & Infrastructure"
"87",87,87,"Q57.2","Iluminacion","Escala 1-10",TRUE,"1=1;2=2;3=3;4=4;5=5;6=6;7=7;8=8;9=9;10=10;11=NS/NC","","1","2","3","4","5","6","7","8","9","10","NS/NC","","","","","","","","",NA,NA,NA,NA,NA,NA,NA,NA,NA,NA,NA,NA,NA,NA,NA,"Intervalo","Public Services","Utilities & Infrastructure"
"88",88,88,"Q57.3","Cuidado (limpieza y mantenimiento)","Escala 1-10",TRUE,"1=1;2=2;3=3;4=4;5=5;6=6;7=7;8=8;9=9;10=10;11=NS/NC","","1","2","3","4","5","6","7","8","9","10","NS/NC","","","","","","","","",NA,NA,NA,NA,NA,NA,NA,NA,NA,NA,NA,NA,NA,NA,NA,"Intervalo","Public Services","Utilities & Infrastructure"
"89",89,89,"Q57.4","Seguridad","Escala 1-10",TRUE,"1=1;2=2;3=3;4=4;5=5;6=6;7=7;8=8;9=9;10=10;11=NS/NC","","1","2","3","4","5","6","7","8","9","10","NS/NC","","","","","","","","",NA,NA,NA,NA,NA,NA,NA,NA,NA,NA,NA,NA,NA,NA,NA,"Intervalo","Public Services","Utilities & Infrastructure"
"90",90,90,"Q58","En una escala del 1 al 10, en que estado considera que se encuentran las UNIDADES DEPORTIVAS?","Escala 1-10",TRUE,"0=No tiene;1=1;2=2;3=3;4=4;5=5;6=6;7=7;8=8;9=9;10=10;11=NS/NC","No tiene","1","2","3","4","5","6","7","8","9","10","NS/NC","","","","","","","","",NA,NA,NA,NA,NA,NA,NA,NA,NA,NA,NA,NA,NA,NA,NA,"Intervalo","Public Services","Utilities & Infrastructure"
"91",91,91,"Q59","En una escala del 1 al 10, en qué estado considera que se encuentran las BIBLIOTECAS?","Escala 1-10",TRUE,"0=No tiene;1=1;2=2;3=3;4=4;5=5;6=6;7=7;8=8;9=9;10=10;11=NS/NC","No tiene","1","2","3","4","5","6","7","8","9","10","NS/NC","","","","","","","","",NA,NA,NA,NA,NA,NA,NA,NA,NA,NA,NA,NA,NA,NA,NA,"Intervalo","Public Services","Utilities & Infrastructure"
"92",92,92,"Q60","En una escala del 1 al 10, en que estado considera que se encuentran las CENTROS COMUNITARIOS?","Escala 1-10",TRUE,"0=No tiene;1=1;2=2;3=3;4=4;5=5;6=6;7=7;8=8;9=9;10=10;11=NS/NC","No tiene","1","2","3","4","5","6","7","8","9","10","NS/NC","","","","","","","","",NA,NA,NA,NA,NA,NA,NA,NA,NA,NA,NA,NA,NA,NA,NA,"Intervalo","Public Services","Utilities & Infrastructure"
"93",93,93,"Q61","En una escala del 1 al 10, en qué estado considera que se encuentran las BANQUETAS?","Escala 1-10",TRUE,"0=No tiene;1=1;2=2;3=3;4=4;5=5;6=6;7=7;8=8;9=9;10=10;11=NS/NC","No tiene","1","2","3","4","5","6","7","8","9","10","NS/NC","","","","","","","","",NA,NA,NA,NA,NA,NA,NA,NA,NA,NA,NA,NA,NA,NA,NA,"Intervalo","Urban Mobility & Environment","Transportation"
"94",94,94,"Q62","En una escala del 1 al 10, en que estado considera que se encuentran los ESPACIOS PARA PERSONAS CON DISCAPACIDAD?","Escala 1-10",TRUE,"0=No tiene;1=1;2=2;3=3;4=4;5=5;6=6;7=7;8=8;9=9;10=10;11=NS/NC","No tiene","1","2","3","4","5","6","7","8","9","10","NS/NC","","","","","","","","",NA,NA,NA,NA,NA,NA,NA,NA,NA,NA,NA,NA,NA,NA,NA,"Intervalo","Public Services","Utilities & Infrastructure"
"95",95,95,"Q63","En el último año (2024), con que frecuencia penso en irse de la ciudad?","Escala 1-5",TRUE,"1=Muchas veces;2=Algunas veces;3=Pocas veces;4=Nunca;5=NS/NC","","Muchas veces","Algunas veces","Pocas veces","Nunca","NS/NC","","","","","","","","","","","","","","",NA,NA,NA,NA,NA,NA,NA,NA,NA,NA,NA,NA,NA,NA,NA,"Intervalo","Social & Economic Wellbeing","Demographic Trends"
"96",96,96,"Q64.1","La ciudad en la que vive","Escala 1-5",TRUE,"1=Nada;2=Poco;3=Algo;4=Bastante;5=Mucho","","Nada","Poco","Algo","Bastante","Mucho","","","","","","","","","","","","","","",NA,NA,NA,NA,NA,NA,NA,NA,NA,NA,NA,NA,NA,NA,NA,"Intervalo","Social & Economic Wellbeing","Demographic Trends"
"97",97,97,"Q64.2","La colona o fraccionamiento en el que vive","Escala 1-5",TRUE,"1=Nada;2=Poco;3=Algo;4=Bastante;5=Mucho;8= ","","Nada","Poco","Algo","Bastante","Mucho","",""," ","","","","","","","","","","","",NA,NA,NA,NA,NA,NA,NA,NA,NA,NA,NA,NA,NA,NA,NA,"Intervalo","Social & Economic Wellbeing","Demographic Trends"
"98",98,98,"Q64.3","Los vecinos que tiene","Escala 1-5",TRUE,"1=Nada;2=Poco;3=Algo;4=Bastante;5=Mucho","","Nada","Poco","Algo","Bastante","Mucho","","","","","","","","","","","","","","",NA,NA,NA,NA,NA,NA,NA,NA,NA,NA,NA,NA,NA,NA,NA,"Intervalo","Social & Economic Wellbeing","Demographic Trends"
"99",99,99,"Q65","Mencione un LUGAR / EDIFICIO / MONUMENTO que considere representativo de Juarez","Texto",FALSE,"1=La X;2=El Monumento A Benito Juárez;3=La Catedral;4=El Parque Central;5=El Chamizal;6=La Casa De Juan Gabriel;7=El Centro;8=La Presidencia;9=Umbral Del Milenio;10=El Museo De La Ex-Aduana;11=El Parque Borunda;12=El Monumento A Zapata;13=La Rodadora;14=Letras JRZ;15=La Plaza De Toros;16=Monumento A Los Indomables;17=Gimnasios Públicos;18=La Torre Centinela;19=El Gardie;20=El Cigarro;21=Estadio Benito Juárez;22=La Iglesia De San Lorenzo;23=Mercado Juárez;24=Monumento A Tin Tan;25=Monumento Al Trabajo;26=Otro;27=Ninguno","","La X","El Monumento A Benito Juárez","La Catedral","El Parque Central","El Chamizal","La Casa De Juan Gabriel","El Centro","La Presidencia","Umbral Del Milenio","El Museo De La Ex-Aduana","El Parque Borunda","El Monumento A Zapata","La Rodadora","Letras JRZ","La Plaza De Toros","Monumento A Los Indomables","Gimnasios Públicos","La Torre Centinela","El Gardie","El Cigarro","Estadio Benito Juárez","La Iglesia De San Lorenzo","Mercado Juárez","Monumento A Tin Tan","Monumento Al Trabajo","Otro","Ninguno",NA,NA,NA,NA,NA,NA,NA,"Categorica","Social & Economic Wellbeing","Demographic Trends"
"100",100,100,"Q65H","(HOMOLOGACION) Mencione un LUGAR / EDIFICIO / MONUMENTO que considere representativo de Juarez","",NA,"1=La X;2=El Monumento A Benito Juárez;3=La Catedral;4=El Parque Central;5=El Chamizal;6=La Casa De Juan Gabriel;7=El Centro;8=La Presidencia;9=Umbral Del Milenio;10=El Museo De La Ex-Aduana;11=El Parque Borunda;12=El Monumento A Zapata;13=La Rodadora;14=Letras JRZ;15=La Plaza De Toros;16=Monumento A Los Indomables;17=Gimnasios Públicos;18=La Torre Centinela;19=El Gardie;20=El Cigarro;21=Estadio Benito Juárez;22=La Iglesia De San Lorenzo;23=Mercado Juárez;24=Monumento A Tin Tan;25=Monumento Al Trabajo;26=Otro;27=Ninguno","","La X","El Monumento A Benito Juárez","La Catedral","El Parque Central","El Chamizal","La Casa De Juan Gabriel","El Centro","La Presidencia","Umbral Del Milenio","El Museo De La Ex-Aduana","El Parque Borunda","El Monumento A Zapata","La Rodadora","Letras JRZ","La Plaza De Toros","Monumento A Los Indomables","Gimnasios Públicos","La Torre Centinela","El Gardie","El Cigarro","Estadio Benito Juárez","La Iglesia De San Lorenzo","Mercado Juárez","Monumento A Tin Tan","Monumento Al Trabajo","Otro","Ninguno",NA,NA,NA,NA,NA,NA,NA,"Categorica","Social & Economic Wellbeing","Demographic Trends"
"101",101,101,"Q66","Cuantos vehiculos de motor hay disponibles en su hogar? (Si no tiene ninguno, poner 0)","Numérico",FALSE,"","","","","","","","","","","","","","","","","","","","","",NA,NA,NA,NA,NA,NA,NA,NA,NA,NA,NA,NA,NA,NA,NA,"Razon","Urban Mobility & Environment","Transportation"
"102",102,102,"Q67","En su hogar hay algún tipo de bicicletas? (ya sean de niño, adolescente o adulto)","Escala 1-2",TRUE,"1=Sí;2=No","","Sí","No","","","","","","","","","","","","","","","","","",NA,NA,NA,NA,NA,NA,NA,NA,NA,NA,NA,NA,NA,NA,NA,"Binaria","Urban Mobility & Environment","Transportation"
"103",103,103,"Q68","Cuantas bicicletas para NIÑOS hay disponibles en su hogar? (poner 0 si no se cuenta con ninguna de este tipo)","Numérico",FALSE,"","","","","","","","","","","","","","","","","","","","","",NA,NA,NA,NA,NA,NA,NA,NA,NA,NA,NA,NA,NA,NA,NA,"Razon","Urban Mobility & Environment","Transportation"
"104",104,104,"Q69","Cuantas bicicletas para ADOLESCENTES hay disponibles en su hogar? (poner 0 si no se cuenta con ninguna de este tipo)","Numérico",FALSE,"","","","","","","","","","","","","","","","","","","","","",NA,NA,NA,NA,NA,NA,NA,NA,NA,NA,NA,NA,NA,NA,NA,"Razon","Urban Mobility & Environment","Transportation"
"105",105,105,"Q70","Cuantas bicicletas para ADULTOS hay disponibles en su hogar? (poner 0 si no se cuenta con ninguna de este tipo)","Numérico",FALSE,"","","","","","","","","","","","","","","","","","","","","",NA,NA,NA,NA,NA,NA,NA,NA,NA,NA,NA,NA,NA,NA,NA,"Razon","Urban Mobility & Environment","Transportation"
"106",106,106,"Q71","Usted trabaja o realiza alguna actividad que le genere ingresos?","Escala 1-2",TRUE,"1=Sí;2=No","","Sí","No","","","","","","","","","","","","","","","","","",NA,NA,NA,NA,NA,NA,NA,NA,NA,NA,NA,NA,NA,NA,NA,"Binaria","Urban Mobility & Environment","Transportation"
"107",107,107,"Q72.1","Caminando","Escala 1-2",TRUE,"1=Sí;2=No","","Sí","No","","","","","","","","","","","","","","","","","",NA,NA,NA,NA,NA,NA,NA,NA,NA,NA,NA,NA,NA,NA,NA,"Binaria","Urban Mobility & Environment","Transportation"
"108",108,108,"Q72.2","Bicicleta","Escala 1-2",TRUE,"1=Sí;2=No","","Sí","No","","","","","","","","","","","","","","","","","",NA,NA,NA,NA,NA,NA,NA,NA,NA,NA,NA,NA,NA,NA,NA,"Binaria","Urban Mobility & Environment","Transportation"
"109",109,109,"Q72.3","Autobús escolar","Escala 1-2",TRUE,"1=Sí;2=No","","Sí","No","","","","","","","","","","","","","","","","","",NA,NA,NA,NA,NA,NA,NA,NA,NA,NA,NA,NA,NA,NA,NA,"Binaria","Urban Mobility & Environment","Transportation"
"110",110,110,"Q72.4","Autobús especial (transporte de personal)","Escala 1-2",TRUE,"1=Sí;2=No","","Sí","No","","","","","","","","","","","","","","","","","",NA,NA,NA,NA,NA,NA,NA,NA,NA,NA,NA,NA,NA,NA,NA,"Binaria","Urban Mobility & Environment","Transportation"
"111",111,111,"Q72.5","Taxi","Escala 1-2",TRUE,"1=Sí;2=No","","Sí","No","","","","","","","","","","","","","","","","","",NA,NA,NA,NA,NA,NA,NA,NA,NA,NA,NA,NA,NA,NA,NA,"Binaria","Urban Mobility & Environment","Transportation"
"112",112,112,"Q72.6","Uber/Didi/InDriver o cualquier otro servicio por aplicación","Escala 1-2",TRUE,"1=Sí;2=No","","Sí","No","","","","","","","","","","","","","","","","","",NA,NA,NA,NA,NA,NA,NA,NA,NA,NA,NA,NA,NA,NA,NA,"Binaria","Urban Mobility & Environment","Transportation"
"113",113,113,"Q72.7","Motocicleta","Escala 1-2",TRUE,"1=Sí;2=No","","Sí","No","","","","","","","","","","","","","","","","","",NA,NA,NA,NA,NA,NA,NA,NA,NA,NA,NA,NA,NA,NA,NA,"Binaria","Urban Mobility & Environment","Transportation"
"114",114,114,"Q72.8","Vehículo propio","Escala 1-2",TRUE,"1=Sí;2=No","","Sí","No","","","","","","","","","","","","","","","","","",NA,NA,NA,NA,NA,NA,NA,NA,NA,NA,NA,NA,NA,NA,NA,"Binaria","Urban Mobility & Environment","Transportation"
"115",115,115,"Q72.9","Camion/Rutera/ Autobus","Escala 1-2",TRUE,"1=Sí;2=No","","Sí","No","","","","","","","","","","","","","","","","","",NA,NA,NA,NA,NA,NA,NA,NA,NA,NA,NA,NA,NA,NA,NA,"Binaria","Urban Mobility & Environment","Transportation"
"116",116,116,"Q72.10","Juarez Bus (antes ViveBus, BravoBus, Ecobus)","Escala 1-2",TRUE,"1=Sí;2=No","","Sí","No","","","","","","","","","","","","","","","","","",NA,NA,NA,NA,NA,NA,NA,NA,NA,NA,NA,NA,NA,NA,NA,"Binaria","Urban Mobility & Environment","Transportation"
"117",117,117,"Q72.11","Otro medio (cuál):","Escala 1-2",TRUE,"1=Sí;2=No","","Sí","No","","","","","","","","","","","","","","","","","",NA,NA,NA,NA,NA,NA,NA,NA,NA,NA,NA,NA,NA,NA,NA,"Binaria","Urban Mobility & Environment","Transportation"
"118",118,118,"Q72.11.1","Other","Texto",FALSE,"","","","","","","","","","","","","","","","","","","","","",NA,NA,NA,NA,NA,NA,NA,NA,NA,NA,NA,NA,NA,NA,NA,"Nominal (Abierta)","Urban Mobility & Environment","Transportation"
"119",119,119,"Q72.11.1","(HOMOLOGACION) Other","",NA,"","","","","","","","","","","","","","","","","","","","","",NA,NA,NA,NA,NA,NA,NA,NA,NA,NA,NA,NA,NA,NA,NA,"Categorica","Urban Mobility & Environment","Transportation"
"120",120,120,"Q73.1","Caminando","Escala 1-2",TRUE,"1=Sí;2=No","","Sí","No","","","","","","","","","","","","","","","","","",NA,NA,NA,NA,NA,NA,NA,NA,NA,NA,NA,NA,NA,NA,NA,"Binaria","Urban Mobility & Environment","Transportation"
"121",121,121,"Q73.2","Bicicleta","Escala 1-2",TRUE,"1=Sí;2=No","","Sí","No","","","","","","","","","","","","","","","","","",NA,NA,NA,NA,NA,NA,NA,NA,NA,NA,NA,NA,NA,NA,NA,"Binaria","Urban Mobility & Environment","Transportation"
"122",122,122,"Q73.3","Autobús escolar","Escala 1-2",TRUE,"1=Sí;2=No","","Sí","No","","","","","","","","","","","","","","","","","",NA,NA,NA,NA,NA,NA,NA,NA,NA,NA,NA,NA,NA,NA,NA,"Binaria","Urban Mobility & Environment","Transportation"
"123",123,123,"Q73.4","Autobús especial (transporte de personal)","Escala 1-2",TRUE,"1=Sí;2=No","","Sí","No","","","","","","","","","","","","","","","","","",NA,NA,NA,NA,NA,NA,NA,NA,NA,NA,NA,NA,NA,NA,NA,"Binaria","Urban Mobility & Environment","Transportation"
"124",124,124,"Q73.5","Taxi","Escala 1-2",TRUE,"1=Sí;2=No","","Sí","No","","","","","","","","","","","","","","","","","",NA,NA,NA,NA,NA,NA,NA,NA,NA,NA,NA,NA,NA,NA,NA,"Binaria","Urban Mobility & Environment","Transportation"
"125",125,125,"Q73.6","Uber/Didi/InDriver o cualquier otro servicio por aplicación","Escala 1-2",TRUE,"1=Sí;2=No","","Sí","No","","","","","","","","","","","","","","","","","",NA,NA,NA,NA,NA,NA,NA,NA,NA,NA,NA,NA,NA,NA,NA,"Binaria","Urban Mobility & Environment","Transportation"
"126",126,126,"Q73.7","Motocicleta","Escala 1-2",TRUE,"1=Sí;2=No","","Sí","No","","","","","","","","","","","","","","","","","",NA,NA,NA,NA,NA,NA,NA,NA,NA,NA,NA,NA,NA,NA,NA,"Binaria","Urban Mobility & Environment","Transportation"
"127",127,127,"Q73.8","Vehículo propio","Escala 1-2",TRUE,"1=Sí;2=No","","Sí","No","","","","","","","","","","","","","","","","","",NA,NA,NA,NA,NA,NA,NA,NA,NA,NA,NA,NA,NA,NA,NA,"Binaria","Urban Mobility & Environment","Transportation"
"128",128,128,"Q73.9","Camión/Rutera/Autobus","Escala 1-2",TRUE,"1=Sí;2=No","","Sí","No","","","","","","","","","","","","","","","","","",NA,NA,NA,NA,NA,NA,NA,NA,NA,NA,NA,NA,NA,NA,NA,"Binaria","Urban Mobility & Environment","Transportation"
"129",129,129,"Q73.10","Juarez Bus (antes ViveBus, BravoBus, Ecobus)","Escala 1-2",TRUE,"1=Sí;2=No","","Sí","No","","","","","","","","","","","","","","","","","",NA,NA,NA,NA,NA,NA,NA,NA,NA,NA,NA,NA,NA,NA,NA,"Binaria","Urban Mobility & Environment","Transportation"
"130",130,130,"Q73.11","Otro medio (cuál):","Escala 1-2",TRUE,"1=Sí;2=No","","Sí","No","","","","","","","","","","","","","","","","","",NA,NA,NA,NA,NA,NA,NA,NA,NA,NA,NA,NA,NA,NA,NA,"Binaria","Urban Mobility & Environment","Transportation"
"131",131,131,"Q73.11.1","Other","Texto",FALSE,"","","","","","","","","","","","","","","","","","","","","",NA,NA,NA,NA,NA,NA,NA,NA,NA,NA,NA,NA,NA,NA,NA,"Nominal (Abierta)","Urban Mobility & Environment","Transportation"
"132",132,132,"Q73.11.1H","(HOMOLOGACION) Other","",NA,"","","","","","","","","","","","","","","","","","","","","",NA,NA,NA,NA,NA,NA,NA,NA,NA,NA,NA,NA,NA,NA,NA,"Nominal (Abierta)","Urban Mobility & Environment","Transportation"
"133",133,133,"Q74","Usted utiliza el camión o rutera tradicional? (NO eco bus, bravo bus, vive bus, juarez bus)","Escala 1-2",TRUE,"1=Sí;2=No","","Sí","No","","","","","","","","","","","","","","","","","",NA,NA,NA,NA,NA,NA,NA,NA,NA,NA,NA,NA,NA,NA,NA,"Binaria","Urban Mobility & Environment","Transportation"
"134",134,134,"Q75","En una escala del 1 al 10, que tan satisfecho está con la calidad del servicio del camión/rutera?","Escala 1-10",TRUE,"1=1;2=2;3=3;4=4;5=5;6=6;7=7;8=8;9=9;10=10","","1","2","3","4","5","6","7","8","9","10","","","","","","","","","",NA,NA,NA,NA,NA,NA,NA,NA,NA,NA,NA,NA,NA,NA,NA,"Intervalo","Urban Mobility & Environment","Transportation"
"135",135,135,"Q76.1","Tiempo de espera de los camiones (tardan en pasar o no pasan)","Escala 1-2",TRUE,"1=Sí;2=No","","Sí","No","","","","","","","","","","","","","","","","","",NA,NA,NA,NA,NA,NA,NA,NA,NA,NA,NA,NA,NA,NA,NA,"Binaria","Urban Mobility & Environment","Transportation"
"136",136,136,"Q76.2","Estado de la unidad (limpieza, asientos, ventanas)","Escala 1-2",TRUE,"1=Sí;2=No","","Sí","No","","","","","","","","","","","","","","","","","",NA,NA,NA,NA,NA,NA,NA,NA,NA,NA,NA,NA,NA,NA,NA,"Binaria","Urban Mobility & Environment","Transportation"
"137",137,137,"Q76.3","Estado de la parada de camión","Escala 1-2",TRUE,"1=Sí;2=No","","Sí","No","","","","","","","","","","","","","","","","","",NA,NA,NA,NA,NA,NA,NA,NA,NA,NA,NA,NA,NA,NA,NA,"Binaria","Urban Mobility & Environment","Transportation"
"138",138,138,"Q76.4","Trato de los choferes","Escala 1-2",TRUE,"1=Sí;2=No","","Sí","No","","","","","","","","","","","","","","","","","",NA,NA,NA,NA,NA,NA,NA,NA,NA,NA,NA,NA,NA,NA,NA,"Binaria","Urban Mobility & Environment","Transportation"
"139",139,139,"Q76.5","Conducción de la unidad por parte del chofer (van muy rápido, omiten señalamientos)","Escala 1-2",TRUE,"1=Sí;2=No","","Sí","No","","","","","","","","","","","","","","","","","",NA,NA,NA,NA,NA,NA,NA,NA,NA,NA,NA,NA,NA,NA,NA,"Binaria","Urban Mobility & Environment","Transportation"
"140",140,140,"Q76.6","Tarifa (costos muy altos, no respetan descuentos)","Escala 1-2",TRUE,"1=Sí;2=No","","Sí","No","","","","","","","","","","","","","","","","","",NA,NA,NA,NA,NA,NA,NA,NA,NA,NA,NA,NA,NA,NA,NA,"Binaria","Urban Mobility & Environment","Transportation"
"141",141,141,"Q76.7","Otro (especifique):","Escala 1-2",TRUE,"1=Sí;2=No","","Sí","No","","","","","","","","","","","","","","","","","",NA,NA,NA,NA,NA,NA,NA,NA,NA,NA,NA,NA,NA,NA,NA,"Binaria","Urban Mobility & Environment","Transportation"
"142",142,142,"Q76.7.1","Other","Texto",FALSE,"","","","","","","","","","","","","","","","","","","","","",NA,NA,NA,NA,NA,NA,NA,NA,NA,NA,NA,NA,NA,NA,NA,"Nominal (Abierta)","Urban Mobility & Environment","Transportation"
"143",143,143,"Q76.7.1H","(HOMOLOGACION) Other","",NA,"","","","","","","","","","","","","","","","","","","","","",NA,NA,NA,NA,NA,NA,NA,NA,NA,NA,NA,NA,NA,NA,NA,"Nominal (Abierta)","Urban Mobility & Environment","Transportation"
"144",144,144,"Q77","Usted utiliza el transporte semimasivo  (BravoBus/EcoBus/ViveBus/Juarez bus)?","Escala 1-2",TRUE,"1=Sí;2=No","","Sí","No","","","","","","","","","","","","","","","","","",NA,NA,NA,NA,NA,NA,NA,NA,NA,NA,NA,NA,NA,NA,NA,"Binaria","Urban Mobility & Environment","Transportation"
"145",145,145,"Q78","En una escala del 1 al 10, que tan satisfecho está con la calidad del servicio del BravoBus/EcoBus/ViveBus/Juarez Bus)?","Escala 1-10",FALSE,"","","","","","","","","","","","","","","","","","","","","",NA,NA,NA,NA,NA,NA,NA,NA,NA,NA,NA,NA,NA,NA,NA,"Intervalo","Urban Mobility & Environment","Transportation"
"146",146,146,"Q79.1","Tiempo de espera de los camiones (tardan en pasar o no pasan)","Escala 1-2",TRUE,"1=Sí;2=No","","Sí","No","","","","","","","","","","","","","","","","","",NA,NA,NA,NA,NA,NA,NA,NA,NA,NA,NA,NA,NA,NA,NA,"Binaria","Urban Mobility & Environment","Transportation"
"147",147,147,"Q79.2","Estado de la unidad (limpieza, asientos, ventanas)","Escala 1-2",TRUE,"1=Sí;2=No","","Sí","No","","","","","","","","","","","","","","","","","",NA,NA,NA,NA,NA,NA,NA,NA,NA,NA,NA,NA,NA,NA,NA,"Binaria","Urban Mobility & Environment","Transportation"
"148",148,148,"Q79.3","Estado de la parada de camión","Escala 1-2",TRUE,"1=Sí;2=No","","Sí","No","","","","","","","","","","","","","","","","","",NA,NA,NA,NA,NA,NA,NA,NA,NA,NA,NA,NA,NA,NA,NA,"Binaria","Urban Mobility & Environment","Transportation"
"149",149,149,"Q79.4","Trato de los choferes","Escala 1-2",TRUE,"1=Sí;2=No","","Sí","No","","","","","","","","","","","","","","","","","",NA,NA,NA,NA,NA,NA,NA,NA,NA,NA,NA,NA,NA,NA,NA,"Binaria","Urban Mobility & Environment","Transportation"
"150",150,150,"Q79.5","Conducción de la unidad por parte del chofer (van muy rápido, omiten señalamientos)","Escala 1-2",TRUE,"1=Sí;2=No","","Sí","No","","","","","","","","","","","","","","","","","",NA,NA,NA,NA,NA,NA,NA,NA,NA,NA,NA,NA,NA,NA,NA,"Binaria","Urban Mobility & Environment","Transportation"
"151",151,151,"Q79.6","Tarifa (costos muy altos, no respetan descuentos)","Escala 1-2",TRUE,"1=Sí;2=No","","Sí","No","","","","","","","","","","","","","","","","","",NA,NA,NA,NA,NA,NA,NA,NA,NA,NA,NA,NA,NA,NA,NA,"Binaria","Urban Mobility & Environment","Transportation"
"152",152,152,"Q79.7","Otro (especifique):","Escala 1-2",TRUE,"1=Sí;2=No","","Sí","No","","","","","","","","","","","","","","","","","",NA,NA,NA,NA,NA,NA,NA,NA,NA,NA,NA,NA,NA,NA,NA,"Binaria","Urban Mobility & Environment","Transportation"
"153",153,153,"Q79.7.1","Other","Texto",FALSE,"","","","","","","","","","","","","","","","","","","","","",NA,NA,NA,NA,NA,NA,NA,NA,NA,NA,NA,NA,NA,NA,NA,"Nominal (Abierta)","Urban Mobility & Environment","Transportation"
"154",154,154,"Q79.7.1H","(HOMOLOGACION) Other","",NA,"","","","","","","","","","","","","","","","","","","","","",NA,NA,NA,NA,NA,NA,NA,NA,NA,NA,NA,NA,NA,NA,NA,"Nominal (Abierta)","Urban Mobility & Environment","Transportation"
"155",155,155,"Q80","Que tanto cree que nosotros los ciudadanos estemos orgullosos de ser o vivir en Ciudad Juarez?","Escala 1-5",TRUE,"1=Nada;2=Poco;3=Algo;4=Mucho;5=Ns/Nc","","Nada","Poco","Algo","Mucho","Ns/Nc","","","","","","","","","","","","","","",NA,NA,NA,NA,NA,NA,NA,NA,NA,NA,NA,NA,NA,NA,NA,"Intervalo","Social & Economic Wellbeing","Demographic Trends"
"156",156,156,"Q81","Para usted, cuales son los 2 problemas mas importantes de Juarez? PROBLEMA #1","Escala 1-19",TRUE,"1=Servicios básicos;2=Drogadicción;3=Transporte público;4=Falta de hospitales/clínicas de salud;5=Inseguridad/Violencia;6=Pobreza;7=Corrupción;8=Falta de valores;9=Desempleo;10=Economia/Crisis;11=Impunidad;12=Participación ciudadana en la resolución de problemas y/o exigencias de justicia;13=Alumbrado público;14=Covid 19;15=Calles y pavimentación;16=Drenaje pluvial;17=Infraestructura;18=Problemas medio ambientales(agua, aire, basura);19=Otro (especificar cuál)","","Servicios básicos","Drogadicción","Transporte público","Falta de hospitales/clínicas de salud","Inseguridad/Violencia","Pobreza","Corrupción","Falta de valores","Desempleo","Economia/Crisis","Impunidad","Participación ciudadana en la resolución de problemas y/o exigencias de justicia","Alumbrado público","Covid 19","Calles y pavimentación","Drenaje pluvial","Infraestructura","Problemas medio ambientales(agua, aire, basura)","Otro (especificar cuál)",NA,NA,NA,NA,NA,NA,NA,NA,NA,NA,NA,NA,NA,NA,NA,"Categorica","Governance & Civic Engagement","Government Operations"
"157",157,157,"Q81.1.1","Other","Texto",FALSE,"","","","","","","","","","","","","","","","","","","","","",NA,NA,NA,NA,NA,NA,NA,NA,NA,NA,NA,NA,NA,NA,NA,"Nominal (Abierta)","Governance & Civic Engagement","Government Operations"
"158",158,158,"Q81.1.1H","(HOMOLOGACION) Other","",NA,"","","","","","","","","","","","","","","","","","","","","",NA,NA,NA,NA,NA,NA,NA,NA,NA,NA,NA,NA,NA,NA,NA,"Nominal (Abierta)","Governance & Civic Engagement","Government Operations"
"159",159,159,"Q82","Para usted, cuales son los 2 problemas mas importantes de Juarez? PROBLEMA #2","Escala 1-19",TRUE,"1=Servicios básicos;2=Drogadicción;3=Transporte público;4=Falta de hospitales/clínicas de salud;5=Inseguridad/Violencia;6=Pobreza;7=Corrupción;8=Falta de valores;9=Desempleo;10=Economia/Crisis;11=Impunidad;12=Participación ciudadana en la resolución de problemas y/o exigencias de justicia;13=Alumbrado público;14=Covid 19;15=Calles y pavimentación;16=Drenaje pluvial;17=Infraestructura;18=Problemas medio ambientales(agua, aire, basura);19=Otro (especificar cuál)","","Servicios básicos","Drogadicción","Transporte público","Falta de hospitales/clínicas de salud","Inseguridad/Violencia","Pobreza","Corrupción","Falta de valores","Desempleo","Economia/Crisis","Impunidad","Participación ciudadana en la resolución de problemas y/o exigencias de justicia","Alumbrado público","Covid 19","Calles y pavimentación","Drenaje pluvial","Infraestructura","Problemas medio ambientales(agua, aire, basura)","Otro (especificar cuál)",NA,NA,NA,NA,NA,NA,NA,NA,NA,NA,NA,NA,NA,NA,NA,"Categorica","Governance & Civic Engagement","Government Operations"
"160",160,160,"Q82.1.1","Other","Texto",FALSE,"","","","","","","","","","","","","","","","","","","","","",NA,NA,NA,NA,NA,NA,NA,NA,NA,NA,NA,NA,NA,NA,NA,"Nominal (Abierta)","Governance & Civic Engagement","Government Operations"
"161",161,161,"Q82.1.1H","(HOMOLOGACION) Other","",NA,"","","","","","","","","","","","","","","","","","","","","",NA,NA,NA,NA,NA,NA,NA,NA,NA,NA,NA,NA,NA,NA,NA,"Nominal (Abierta)","Governance & Civic Engagement","Government Operations"
"162",162,162,"Q83","Que tan responsable se siente de ser parte del primer problema que menciono?","Escala 1-5",TRUE,"1=Nada;2=Poco;3=Algo;4=Mucho;5=Ns/Nc","","Nada","Poco","Algo","Mucho","Ns/Nc","","","","","","","","","","","","","","",NA,NA,NA,NA,NA,NA,NA,NA,NA,NA,NA,NA,NA,NA,NA,"Intervalo","Governance & Civic Engagement","Government Operations"
"163",163,163,"Q84","En el ultimo año (2024), siente que sus garantías o derechos han sido violentados por alguna autoridad o dependencia gubernamental?","Escala 1-2",TRUE,"1=Sí;2=No","","Sí","No","","","","","","","","","","","","","","","","","",NA,NA,NA,NA,NA,NA,NA,NA,NA,NA,NA,NA,NA,NA,NA,"Binaria","Governance & Civic Engagement","Government Operations"
"164",164,164,"Q85","Qué autoridad o dependencia gubernamental fue?","Texto",FALSE,"","","","","","","","","","","","","","","","","","","","","",NA,NA,NA,NA,NA,NA,NA,NA,NA,NA,NA,NA,NA,NA,NA,"Nominal (Abierta)","Governance & Civic Engagement","Government Operations"
"165",165,165,"Q86","En pocas palabras, en que consistio la violacion a sus derechos?","Texto",FALSE,"","","","","","","","","","","","","","","","","","","","","",NA,NA,NA,NA,NA,NA,NA,NA,NA,NA,NA,NA,NA,NA,NA,"Nominal (Abierta)","Governance & Civic Engagement","Government Operations"
"166",166,166,"Q87","Por distintos motivos, no todas las personas que habitan en Juarez pueden acceder en condiciones de igualdad a los bienes y servicios, ni tienen las mismas oportunidades en la vida. Como describiría la desigualdad que se vive hoy en día?","Escala 1-6",TRUE,"1=Muy alta;2=Alta;3=Media;4=Baja;5=Muy baja;6=No sabe/No contestó","","Muy alta","Alta","Media","Baja","Muy baja","No sabe/No contestó","","","","","","","","","","","","","",NA,NA,NA,NA,NA,NA,NA,NA,NA,NA,NA,NA,NA,NA,NA,"Intervalo","Governance & Civic Engagement","Government Operations"
"167",167,167,"Q88","Que institución contribuye mas a reducir la desigualdad en Juarez? (SELECCIONE LA QUE MÁS LO HACE)","Escala 1-11",TRUE,"1=Gobierno Federal;2=Gobierno Municipal;3=Gobierno Estatal;4=Organizaciones de la sociedad civil;5=Empresas;6=Iglesias;7=Universidades;8=Escuelas (primaria, secundaria, preparatoria);9=La misma ciudadanía;10=Ninguna;11=No sabe/ No contestó","","Gobierno Federal","Gobierno Municipal","Gobierno Estatal","Organizaciones de la sociedad civil","Empresas","Iglesias","Universidades","Escuelas (primaria, secundaria, preparatoria)","La misma ciudadanía","Ninguna","No sabe/ No contestó","","","","","","","","",NA,NA,NA,NA,NA,NA,NA,NA,NA,NA,NA,NA,NA,NA,NA,"Categorica","Governance & Civic Engagement","Government Operations"
"168",168,168,"Q89","En una escala del 1 al 10, que tan satisfecho está con LA CALIDAD DEL AIRE?","Escala 1-10",FALSE,"","","","","","","","","","","","","","","","","","","","","",NA,NA,NA,NA,NA,NA,NA,NA,NA,NA,NA,NA,NA,NA,NA,"Intervalo","Urban Mobility & Environment","Environmental Quality"
"169",169,169,"Q90","En una escala del 1 al 10, qué tan satisfecho está con LA CANTIDAD DE ÁRBOLES EN LA CIUDAD?","Escala 1-10",FALSE,"","","","","","","","","","","","","","","","","","","","","",NA,NA,NA,NA,NA,NA,NA,NA,NA,NA,NA,NA,NA,NA,NA,"Intervalo","Urban Mobility & Environment","Environmental Quality"
"170",170,170,"Q91","En una escala del 1 al 10, que tan satisfecho esta con LA LIMPIEZA EN LAS CALLES (basura en las calles)?","Escala 1-10",FALSE,"","","","","","","","","","","","","","","","","","","","","",NA,NA,NA,NA,NA,NA,NA,NA,NA,NA,NA,NA,NA,NA,NA,"Intervalo","Urban Mobility & Environment","Environmental Quality"
"171",171,171,"Q92","En una escala del 1 al 10, que tan satisfecho esta con LA CALIDAD DEL AGUA? (CONSIDERAR SI ESTÁ SUCIA, CONTAMINADA O TIENE MAL SABOR)","Escala 1-10",FALSE,"","","","","","","","","","","","","","","","","","","","","",NA,NA,NA,NA,NA,NA,NA,NA,NA,NA,NA,NA,NA,NA,NA,"Intervalo","Urban Mobility & Environment","Environmental Quality"
"172",172,172,"Q93","Acostumbran separar la basura en organica e inorganica antes de entregarla al camion o dejarla en el contenedor?","Escala 1-2",TRUE,"1=Sí;2=No","","Sí","No","","","","","","","","","","","","","","","","","",NA,NA,NA,NA,NA,NA,NA,NA,NA,NA,NA,NA,NA,NA,NA,"Binaria","Urban Mobility & Environment","Environmental Quality"
"173",173,173,"Q94","Además, Acostumbran a separar desperdicios para alimentar animales?","Escala 1-2",TRUE,"1=Sí;2=No","","Sí","No","","","","","","","","","","","","","","","","","",NA,NA,NA,NA,NA,NA,NA,NA,NA,NA,NA,NA,NA,NA,NA,"Binaria","Urban Mobility & Environment","Environmental Quality"
"174",174,174,"Q95","Además, acostumbran a separar desperdicios para echarlos a las plantas?","Escala 1-2",TRUE,"1=Sí;2=No","","Sí","No","","","","","","","","","","","","","","","","","",NA,NA,NA,NA,NA,NA,NA,NA,NA,NA,NA,NA,NA,NA,NA,"Binaria","Urban Mobility & Environment","Environmental Quality"
"175",175,175,"Q96","Además, acostumbran a separar cartón, latas o plástico para vender o regalar?","Escala 1-2",TRUE,"1=Sí;2=No","","Sí","No","","","","","","","","","","","","","","","","","",NA,NA,NA,NA,NA,NA,NA,NA,NA,NA,NA,NA,NA,NA,NA,"Binaria","Urban Mobility & Environment","Environmental Quality"
"176",176,176,"Q97","De las siguientes problemáticas medioambientales, cual cree que sea el mayor problema de la colonia? (Elija solo una)","Escala 1-7",TRUE,"1=Neumaticos/ llantas tiradas;2=Calles sucias/ Basura en las calles;3=Parque sucios/descuidados;4=Falta de recoleccion de residuos;5=Basureros Clandestinos/ Casas/terrenos;6=Terrenos baldios;7=Otro","","Neumaticos/ llantas tiradas","Calles sucias/ Basura en las calles","Parque sucios/descuidados","Falta de recoleccion de residuos","Basureros Clandestinos/ Casas/terrenos","Terrenos baldios","Otro","","","","","","","","","","","","",NA,NA,NA,NA,NA,NA,NA,NA,NA,NA,NA,NA,NA,NA,NA,"Categorica","Urban Mobility & Environment","Environmental Quality"
"177",177,177,"Q97.1.1","Other","Texto",FALSE,"","","","","","","","","","","","","","","","","","","","","",NA,NA,NA,NA,NA,NA,NA,NA,NA,NA,NA,NA,NA,NA,NA,"Nominal (Abierta)","Urban Mobility & Environment","Environmental Quality"
"178",178,178,"Q97.1.1H","(HOMOLOGACION) Other","",NA,"","","","","","","","","","","","","","","","","","","","","",NA,NA,NA,NA,NA,NA,NA,NA,NA,NA,NA,NA,NA,NA,NA,"Nominal (Abierta)","Urban Mobility & Environment","Environmental Quality"
"179",179,179,"Q98","Conoce o ha escuchado hablar de Plan Estratégico de Juarez A.C.? SIN APOYO VISUAL","Escala 1-2",TRUE,"1=Sí recordó sin apoyo visual;2=No recordó sin apoyo visual","","Sí recordó sin apoyo visual","No recordó sin apoyo visual","","","","","","","","","","","","","","","","","",NA,NA,NA,NA,NA,NA,NA,NA,NA,NA,NA,NA,NA,NA,NA,"Binaria","Internal","Internal"
"180",180,180,"Q99","Conoce o ha escuchado hablar de Plan Estratégico de Juarez A.C.? CON APOYO VISUAL","Escala 1-2",TRUE,"1=Sí recordó con apoyo visual;2=No recordó con apoyo visual","","Sí recordó con apoyo visual","No recordó con apoyo visual","","","","","","","","","","","","","","","","","",NA,NA,NA,NA,NA,NA,NA,NA,NA,NA,NA,NA,NA,NA,NA,"Binaria","Internal","Internal"
"181",181,181,"Q100.1","PEJ es una asociación apartidista y ciudadana","Escala 1-5",TRUE,"1=Totalmente de acuerdo;2=Parcialmente de acuerdo;3=Parcialmente en desacuerdo;4=Totalmente en desacuerdo;5=NS/NC","","Totalmente de acuerdo","Parcialmente de acuerdo","Parcialmente en desacuerdo","Totalmente en desacuerdo","NS/NC","","","","","","","","","","","","","","",NA,NA,NA,NA,NA,NA,NA,NA,NA,NA,NA,NA,NA,NA,NA,"Intervalo","Internal","Internal"
"182",182,182,"Q100.2","PEJ es una organización con credibilidad","Escala 1-5",TRUE,"1=Totalmente de acuerdo;2=Parcialmente de acuerdo;3=Parcialmente en desacuerdo;4=Totalmente en desacuerdo;5=NS/NC","","Totalmente de acuerdo","Parcialmente de acuerdo","Parcialmente en desacuerdo","Totalmente en desacuerdo","NS/NC","","","","","","","","","","","","","","",NA,NA,NA,NA,NA,NA,NA,NA,NA,NA,NA,NA,NA,NA,NA,"Intervalo","Internal","Internal"
"183",183,183,"Q100.3","PEJ es propositiva","Escala 1-5",TRUE,"1=Totalmente de acuerdo;2=Parcialmente de acuerdo;3=Parcialmente en desacuerdo;4=Totalmente en desacuerdo;5=NS/NC","","Totalmente de acuerdo","Parcialmente de acuerdo","Parcialmente en desacuerdo","Totalmente en desacuerdo","NS/NC","","","","","","","","","","","","","","",NA,NA,NA,NA,NA,NA,NA,NA,NA,NA,NA,NA,NA,NA,NA,"Intervalo","Internal","Internal"
"184",184,184,"Q101","Sexo de la persona entrevistada","Escala 1-2",TRUE,"1=Mujer;2=Hombre;3=Otro","","Mujer","Hombre","Otro","","","","","","","","","","","","","","","","",NA,NA,NA,NA,NA,NA,NA,NA,NA,NA,NA,NA,NA,NA,NA,"Necesita Clasificacion","Dashboard Context","Survey Demographics"
"185",185,185,"Q101.1.1","Other","Texto",FALSE,"","","","","","","","","","","","","","","","","","","","","",NA,NA,NA,NA,NA,NA,NA,NA,NA,NA,NA,NA,NA,NA,NA,"Nominal (Abierta)","Dashboard Context","Survey Demographics"
"186",186,186,"Q101.1.1H","(HOMOLOGACION) Other","",NA,"","","","","","","","","","","","","","","","","","","","","",NA,NA,NA,NA,NA,NA,NA,NA,NA,NA,NA,NA,NA,NA,NA,"Nominal (Abierta)","Dashboard Context","Survey Demographics"
"187",187,187,"Q102","Cual es su edad?","Numérico",FALSE,"","","","","","","","","","","","","","","","","","","","","",NA,NA,NA,NA,NA,NA,NA,NA,NA,NA,NA,NA,NA,NA,NA,"Razon","Dashboard Context","Survey Demographics"
"188",188,188,"Q103","Seleccione Rango de edad (con base en respuesta anteior)","Escala 1-4",TRUE,"1=18 a 29 años;2=30 a 44 años;3=45 a 59 años;4=60 años o más","","18 a 29 años","30 a 44 años","45 a 59 años","60 años o más","","","","","","","","","","","","","","","",NA,NA,NA,NA,NA,NA,NA,NA,NA,NA,NA,NA,NA,NA,NA,"Necesita Clasificacion","Dashboard Context","Survey Demographics"
"189",189,189,"Q104","Cual es su ocupación?","Escala 1-9",TRUE,"1=Hogar;2=Empleado empresa privada;3=Empleado de empresa pública (en gobierno, CFE, Junta de Agua, PEMEX, etc);4=Desempleado;5=Estudiante;6=Estudiante que trabaja;7=Empleador/empresario;8=Jubilado/Pensionado;9=Cuenta propia/Autoempleador","","Hogar","Empleado empresa privada","Empleado de empresa pública (en gobierno, CFE, Junta de Agua, PEMEX, etc)","Desempleado","Estudiante","Estudiante que trabaja","Empleador/empresario","Jubilado/Pensionado","Cuenta propia/Autoempleador","","","","","","","","","","",NA,NA,NA,NA,NA,NA,NA,NA,NA,NA,NA,NA,NA,NA,NA,"Categorica","Dashboard Context","Survey Demographics"
"190",190,190,"Q105","Cual es su grado de escolaridad?","Escala 1-13",TRUE,"1=Analfabeta;2=Primaria terminada;3=Primaria incompleta;4=Secundaria terminada;5=Secundaria incompleta;6=Preparatoria terminada;7=Preparatoria incompleta;8=Universidad terminada;9=Universidad incompleta;10=Maestría/Doctorado;11=Carrera técnica terminada;12=Carrera técnica incompleta;13=Sabe leer y escribir pero no fue a la escuela","","Analfabeta","Primaria terminada","Primaria incompleta","Secundaria terminada","Secundaria incompleta","Preparatoria terminada","Preparatoria incompleta","Universidad terminada","Universidad incompleta","Maestría/Doctorado","Carrera técnica terminada","Carrera técnica incompleta","Sabe leer y escribir pero no fue a la escuela","","","","","","",NA,NA,NA,NA,NA,NA,NA,NA,NA,NA,NA,NA,NA,NA,NA,"Ordinal","Dashboard Context","Survey Demographics"
"191",191,191,"Q106","Recibe usted algun ingreso personal de algún tipo?","Escala 1-2",TRUE,"1=Sí;2=no","","Sí","no","","","","","","","","","","","","","","","","","",NA,NA,NA,NA,NA,NA,NA,NA,NA,NA,NA,NA,NA,NA,NA,"Binaria","Dashboard Context","Survey Demographics"
"192",192,192,"Q107","Por favor indique cuál es el rango de su ingreso PERSONAL por semana.","Escala 1-18",TRUE,"1= $0 a $2939.16 ;2= $2939.23 a $5878.32 ;3= $5878.39 a $8817.48 ;4= $8817.55 a $11756.64 ;5= $11756.71 a $14695.8 ;6= $14695.87 a $17634.96 ;7= $17635.03 a $20574.12 ;8= $20574.19 a $23513.28 ;9= $23513.35 a $26452.44 ;10= $26452.51 a $29391.6 ;11= $29391.67 a $32330.76 ;12= $32330.83 a $35269.92 ;13= $35269.99 a $38209.08 ;14= $38209.15 a $41148.24 ;15= $41148.31 a $44087.4 ;16= $44087.47 a $47026.56 ;17= $47026.63 a $49965.72 ;18= Mas de $49,965.79 ",""," $0 a $2939.16 "," $2939.23 a $5878.32 "," $5878.39 a $8817.48 "," $8817.55 a $11756.64 "," $11756.71 a $14695.8 "," $14695.87 a $17634.96 "," $17635.03 a $20574.12 "," $20574.19 a $23513.28 "," $23513.35 a $26452.44 "," $26452.51 a $29391.6 "," $29391.67 a $32330.76 "," $32330.83 a $35269.92 "," $35269.99 a $38209.08 "," $38209.15 a $41148.24 "," $41148.31 a $44087.4 "," $44087.47 a $47026.56 "," $47026.63 a $49965.72 "," Mas de $49,965.79 ","",NA,NA,NA,NA,NA,NA,NA,NA,NA,NA,NA,NA,NA,NA,NA,"Ordinal","Dashboard Context","Survey Demographics"
"193",193,193,"Q108","Si el ingreso dado es de un periodo diferente a la semana, anotar: PERSONAL  (decena, veintena, mensual, bimestral, anual)","Texto",FALSE,"","","","","","","","","","","","","","","","","","","","","",NA,NA,NA,NA,NA,NA,NA,NA,NA,NA,NA,NA,NA,NA,NA,"Nominal (Abierta)","Dashboard Context","Survey Demographics"
"194",194,194,"Q109","Por favor indique cuál es el rango de su ingreso FAMILIAR por semana.","Escala 1-18",TRUE,"1= $0 a $2939.16 ;2= $2939.23 a $5878.32 ;3= $5878.39 a $8817.48 ;4= $8817.55 a $11756.64 ;5= $11756.71 a $14695.8 ;6= $14695.87 a $17634.96 ;7= $17635.03 a $20574.12 ;8= $20574.19 a $23513.28 ;9= $23513.35 a $26452.44 ;10= $26452.51 a $29391.6 ;11= $29391.67 a $32330.76 ;12= $32330.83 a $35269.92 ;13= $35269.99 a $38209.08 ;14= $38209.15 a $41148.24 ;15= $41148.31 a $44087.4 ;16= $44087.47 a $47026.56 ;17= $47026.63 a $49965.72 ;18= Mas de $49,965.79 ",""," $0 a $2939.16 "," $2939.23 a $5878.32 "," $5878.39 a $8817.48 "," $8817.55 a $11756.64 "," $11756.71 a $14695.8 "," $14695.87 a $17634.96 "," $17635.03 a $20574.12 "," $20574.19 a $23513.28 "," $23513.35 a $26452.44 "," $26452.51 a $29391.6 "," $29391.67 a $32330.76 "," $32330.83 a $35269.92 "," $35269.99 a $38209.08 "," $38209.15 a $41148.24 "," $41148.31 a $44087.4 "," $44087.47 a $47026.56 "," $47026.63 a $49965.72 "," Mas de $49,965.79 ","",NA,NA,NA,NA,NA,NA,NA,NA,NA,NA,NA,NA,NA,NA,NA,"Ordinal","Dashboard Context","Survey Demographics"
"195",195,195,"Q110","Si el ingreso dado es de un periodo diferente a la semana, anotar: FAMILIAR (decena, veintena, mensual, bimestral, anual)","Texto",FALSE,"","","","","","","","","","","","","","","","","","","","","",NA,NA,NA,NA,NA,NA,NA,NA,NA,NA,NA,NA,NA,NA,NA,"Nominal (Abierta)","Dashboard Context","Survey Demographics"
"196",196,196,"Q111","Colonia","Texto",FALSE,"","","","","","","","","","","","","","","","","","","","","",NA,NA,NA,NA,NA,NA,NA,NA,NA,NA,NA,NA,NA,NA,NA,"Nominal (Abierta)","Internal","Internal"
