"","value","district","gender","age_group"
"1","Les alcanza justo, sin grandes dificultades","4","Mujer","3"
"2","Les alcanza bien y pueden ahorrar","4","Hombre","1"
"3","Les alcanza justo, sin grandes dificultades","4","Hombre","3"
"4","No les alcanza y tienen dificultades","4","Mujer","4"
"5","Les alcanza justo, sin grandes dificultades","4","Mujer","1"
"6","Les alcanza justo, sin grandes dificultades","4","Hombre","4"
"7","No les alcanza y tienen dificultades","4","Hombre","3"
"8","Les alcanza bien y pueden ahorrar","4","Mujer","4"
"9","Les alcanza justo, sin grandes dificultades","4","Hombre","1"
"10","Les alcanza justo, sin grandes dificultades","4","Mujer","4"
"11","Les alcanza bien y pueden ahorrar","4","Mujer","4"
"12","Les alcanza justo, sin grandes dificultades","4","Hombre","4"
"13","Les alcanza justo, sin grandes dificultades","4","Hombre","4"
"14","Les alcanza justo, sin grandes dificultades","4","Mujer","4"
"15","No les alcanza y tienen grandes dificultades","4","Hombre","3"
"16","Les alcanza justo, sin grandes dificultades","4","Mujer","2"
"17","Les alcanza justo, sin grandes dificultades","4","Mujer","1"
"18","No les alcanza y tienen dificultades","4","Hombre","3"
"19","Les alcanza justo, sin grandes dificultades","4","Mujer","1"
"20","Les alcanza justo, sin grandes dificultades","4","Hombre","2"
"21","Les alcanza justo, sin grandes dificultades","4","Mujer","3"
"22","Les alcanza justo, sin grandes dificultades","4","Mujer","4"
"23","Les alcanza bien y pueden ahorrar","4","Hombre","3"
"24","Les alcanza justo, sin grandes dificultades","4","Mujer","2"
"25","Les alcanza justo, sin grandes dificultades","4","Hombre","2"
"26","Les alcanza justo, sin grandes dificultades","4","Hombre","4"
"27","Les alcanza bien y pueden ahorrar","4","Hombre","4"
"28","Les alcanza justo, sin grandes dificultades","4","Hombre","2"
"29","Les alcanza justo, sin grandes dificultades","4","Mujer","3"
"30","Les alcanza justo, sin grandes dificultades","4","Hombre","3"
"31","Les alcanza justo, sin grandes dificultades","4","Mujer","2"
"32","No les alcanza y tienen dificultades","2","Hombre","2"
"33","Les alcanza justo, sin grandes dificultades","2","Mujer","1"
"34","Les alcanza justo, sin grandes dificultades","2","Hombre","1"
"35","Les alcanza bien y pueden ahorrar","2","Mujer","1"
"36","Les alcanza justo, sin grandes dificultades","2","Mujer","4"
"37","Les alcanza justo, sin grandes dificultades","2","Mujer","2"
"38","No les alcanza y tienen dificultades","2","Hombre","3"
"39","Les alcanza justo, sin grandes dificultades","2","Mujer","2"
"40","Les alcanza justo, sin grandes dificultades","2","Hombre","2"
"41","Les alcanza justo, sin grandes dificultades","2","Mujer","3"
"42","Les alcanza justo, sin grandes dificultades","2","Hombre","2"
"43","Les alcanza justo, sin grandes dificultades","2","Hombre","1"
"44","Les alcanza justo, sin grandes dificultades","2","Hombre","1"
"45","Les alcanza justo, sin grandes dificultades","2","Mujer","2"
"46","Les alcanza justo, sin grandes dificultades","2","Mujer","2"
"47","Les alcanza justo, sin grandes dificultades","2","Hombre","2"
"48","No les alcanza y tienen dificultades","2","Hombre","2"
"49","No les alcanza y tienen dificultades","2","Hombre","4"
"50","No les alcanza y tienen dificultades","2","Hombre","4"
"51","No les alcanza y tienen dificultades","2","Hombre","2"
"52","No les alcanza y tienen dificultades","2","Mujer","3"
"53","Les alcanza justo, sin grandes dificultades","2","Hombre","1"
"54","Les alcanza justo, sin grandes dificultades","2","Mujer","3"
"55","Les alcanza justo, sin grandes dificultades","2","Hombre","2"
"56","Les alcanza justo, sin grandes dificultades","2","Hombre","3"
"57","No les alcanza y tienen dificultades","2","Mujer","4"
"58","Les alcanza justo, sin grandes dificultades","2","Mujer","1"
"59","Les alcanza justo, sin grandes dificultades","2","Hombre","3"
"60","Les alcanza justo, sin grandes dificultades","2","Hombre","2"
"61","Les alcanza justo, sin grandes dificultades","2","Hombre","1"
"62","Les alcanza justo, sin grandes dificultades","2","Mujer","2"
"63","Les alcanza bien y pueden ahorrar","2","Hombre","2"
"64","Les alcanza justo, sin grandes dificultades","2","Mujer","2"
"65","No les alcanza y tienen dificultades","2","Hombre","1"
"66","No les alcanza y tienen dificultades","2","Hombre","3"
"67","Les alcanza bien y pueden ahorrar","2","Mujer","4"
"68","Les alcanza bien y pueden ahorrar","2","Mujer","2"
"69","No les alcanza y tienen dificultades","2","Mujer","3"
"70","Les alcanza justo, sin grandes dificultades","2","Mujer","4"
"71","No les alcanza y tienen dificultades","2","Mujer","4"
"72","Les alcanza justo, sin grandes dificultades","2","Mujer","4"
"73","Les alcanza justo, sin grandes dificultades","2","Mujer","4"
"74","Les alcanza justo, sin grandes dificultades","2","Hombre","4"
"75","No les alcanza y tienen dificultades","2","Mujer","4"
"76","Les alcanza justo, sin grandes dificultades","2","Hombre","4"
"77","No les alcanza y tienen dificultades","2","Mujer","4"
"78","Les alcanza justo, sin grandes dificultades","2","Hombre","4"
"79","Les alcanza justo, sin grandes dificultades","2","Mujer","1"
"80","Les alcanza justo, sin grandes dificultades","2","Mujer","1"
"81","Les alcanza justo, sin grandes dificultades","2","Hombre","4"
"82","Les alcanza bien y pueden ahorrar","2","Hombre","4"
"83","No les alcanza y tienen dificultades","2","Mujer","2"
"84","No les alcanza y tienen dificultades","2","Mujer","4"
"85","Les alcanza justo, sin grandes dificultades","2","Hombre","4"
"86","Les alcanza justo, sin grandes dificultades","2","Mujer","4"
"87","Les alcanza justo, sin grandes dificultades","3","Hombre","4"
"88","Les alcanza justo, sin grandes dificultades","3","Hombre","4"
"89","Les alcanza justo, sin grandes dificultades","3","Hombre","3"
"90","Les alcanza bien y pueden ahorrar","3","Hombre","2"
"91","Les alcanza bien y pueden ahorrar","3","Hombre","1"
"92","No les alcanza y tienen dificultades","3","Hombre","1"
"93","Les alcanza bien y pueden ahorrar","3","Hombre","2"
"94","Les alcanza justo, sin grandes dificultades","3","Mujer","1"
"95","Les alcanza bien y pueden ahorrar","3","Hombre","2"
"96","Les alcanza justo, sin grandes dificultades","3","Mujer","3"
"97","Les alcanza justo, sin grandes dificultades","7","Hombre","3"
"98","No les alcanza y tienen dificultades","7","Mujer","3"
"99","Les alcanza justo, sin grandes dificultades","7","Mujer","3"
"100","No les alcanza y tienen dificultades","7","Mujer","3"
"101","Les alcanza justo, sin grandes dificultades","7","Hombre","4"
"102","Les alcanza justo, sin grandes dificultades","7","Mujer","3"
"103","Les alcanza justo, sin grandes dificultades","7","Mujer","2"
"104","Les alcanza justo, sin grandes dificultades","7","Hombre","4"
"105","Les alcanza justo, sin grandes dificultades","7","Mujer","1"
"106","No les alcanza y tienen dificultades","7","Mujer","3"
"107","Les alcanza justo, sin grandes dificultades","7","Hombre","4"
"108","Les alcanza bien y pueden ahorrar","7","Hombre","3"
"109","Les alcanza justo, sin grandes dificultades","7","Hombre","4"
"110","Les alcanza justo, sin grandes dificultades","7","Hombre","3"
"111","Les alcanza justo, sin grandes dificultades","7","Hombre","4"
"112","Les alcanza justo, sin grandes dificultades","7","Mujer","4"
"113","Les alcanza justo, sin grandes dificultades","7","Hombre","4"
"114","Les alcanza justo, sin grandes dificultades","7","Hombre","4"
"115","Les alcanza justo, sin grandes dificultades","7","Hombre","4"
"116","No les alcanza y tienen dificultades","7","Hombre","2"
"117","No les alcanza y tienen grandes dificultades","7","Hombre","4"
"118","Les alcanza justo, sin grandes dificultades","7","Hombre","1"
"119","No les alcanza y tienen grandes dificultades","7","Hombre","3"
"120","Les alcanza justo, sin grandes dificultades","7","Hombre","4"
"121","No les alcanza y tienen grandes dificultades","7","Mujer","4"
"122","Les alcanza justo, sin grandes dificultades","7","Hombre","4"
"123","No les alcanza y tienen grandes dificultades","7","Mujer","3"
"124","Les alcanza justo, sin grandes dificultades","7","Hombre","4"
"125","Les alcanza justo, sin grandes dificultades","7","Hombre","2"
"126","No les alcanza y tienen grandes dificultades","7","Hombre","4"
"127","Les alcanza bien y pueden ahorrar","7","Mujer","1"
"128","Les alcanza bien y pueden ahorrar","7","Mujer","4"
"129","No les alcanza y tienen dificultades","7","Hombre","4"
"130","Les alcanza justo, sin grandes dificultades","7","Mujer","4"
"131","Les alcanza justo, sin grandes dificultades","7","Hombre","4"
"132","Les alcanza justo, sin grandes dificultades","7","Mujer","3"
"133","Les alcanza justo, sin grandes dificultades","7","Mujer","2"
"134","Les alcanza justo, sin grandes dificultades","7","Mujer","2"
"135","No les alcanza y tienen dificultades","7","Hombre","2"
"136","Les alcanza justo, sin grandes dificultades","7","Hombre","4"
"137","Les alcanza justo, sin grandes dificultades","7","Mujer","3"
"138","Les alcanza justo, sin grandes dificultades","7","Mujer","3"
"139","No les alcanza y tienen dificultades","7","Hombre","4"
"140","Les alcanza justo, sin grandes dificultades","7","Hombre","1"
"141","Les alcanza justo, sin grandes dificultades","7","Hombre","4"
"142","Les alcanza bien y pueden ahorrar","7","Hombre","1"
"143","Les alcanza justo, sin grandes dificultades","7","Mujer","4"
"144","Les alcanza justo, sin grandes dificultades","7","Hombre","4"
"145","Les alcanza justo, sin grandes dificultades","7","Mujer","4"
"146","Les alcanza justo, sin grandes dificultades","7","Hombre","2"
"147","Les alcanza justo, sin grandes dificultades","7","Mujer","3"
"148","No les alcanza y tienen dificultades","7","Hombre","3"
"149","Les alcanza justo, sin grandes dificultades","7","Mujer","4"
"150","No les alcanza y tienen dificultades","7","Hombre","3"
"151","No les alcanza y tienen dificultades","7","Hombre","3"
"152","Les alcanza justo, sin grandes dificultades","7","Mujer","4"
"153","No les alcanza y tienen dificultades","7","Hombre","2"
"154","No les alcanza y tienen dificultades","7","Mujer","2"
"155","Les alcanza justo, sin grandes dificultades","7","Mujer","4"
"156","Les alcanza bien y pueden ahorrar","7","Mujer","4"
"157","Les alcanza bien y pueden ahorrar","7","Hombre","3"
"158","No les alcanza y tienen grandes dificultades","7","Hombre","3"
"159","Les alcanza justo, sin grandes dificultades","7","Mujer","4"
"160","Les alcanza justo, sin grandes dificultades","7","Hombre","2"
"161","Les alcanza justo, sin grandes dificultades","7","Hombre","2"
"162","Les alcanza justo, sin grandes dificultades","7","Hombre","1"
"163","Les alcanza justo, sin grandes dificultades","7","Hombre","4"
"164","Les alcanza bien y pueden ahorrar","7","Mujer","3"
"165","Les alcanza justo, sin grandes dificultades","7","Mujer","4"
"166","No les alcanza y tienen dificultades","7","Mujer","2"
"167","Les alcanza justo, sin grandes dificultades","7","Mujer","2"
"168","Les alcanza bien y pueden ahorrar","7","Hombre","4"
"169","Les alcanza justo, sin grandes dificultades","7","Mujer","1"
"170","No les alcanza y tienen dificultades","7","Hombre","1"
"171","Les alcanza justo, sin grandes dificultades","7","Hombre","4"
"172","Les alcanza bien y pueden ahorrar","7","Mujer","3"
"173","Les alcanza justo, sin grandes dificultades","7","Mujer","4"
"174","Les alcanza bien y pueden ahorrar","7","Hombre","4"
"175","Les alcanza justo, sin grandes dificultades","7","Hombre","2"
"176","Les alcanza justo, sin grandes dificultades","7","Hombre","4"
"177","Les alcanza justo, sin grandes dificultades","7","Mujer","1"
"178","No les alcanza y tienen dificultades","7","Mujer","4"
"179","Les alcanza justo, sin grandes dificultades","7","Hombre","4"
"180","Les alcanza justo, sin grandes dificultades","7","Mujer","4"
"181","Les alcanza justo, sin grandes dificultades","7","Hombre","2"
"182","Les alcanza justo, sin grandes dificultades","7","Hombre","2"
"183","Les alcanza justo, sin grandes dificultades","7","Hombre","4"
"184","Les alcanza justo, sin grandes dificultades","7","Hombre","2"
"185","Les alcanza justo, sin grandes dificultades","7","Hombre","1"
"186","Les alcanza justo, sin grandes dificultades","7","Hombre","3"
"187","No les alcanza y tienen grandes dificultades","7","Mujer","3"
"188","Les alcanza bien y pueden ahorrar","7","Hombre","1"
"189","Les alcanza justo, sin grandes dificultades","7","Hombre","2"
"190","Les alcanza justo, sin grandes dificultades","7","Mujer","2"
"191","Les alcanza justo, sin grandes dificultades","7","Mujer","2"
"192","Les alcanza justo, sin grandes dificultades","7","Hombre","2"
"193","No les alcanza y tienen dificultades","7","Mujer","4"
"194","Les alcanza bien y pueden ahorrar","7","Mujer","4"
"195","Les alcanza justo, sin grandes dificultades","7","Mujer","3"
"196","Les alcanza justo, sin grandes dificultades","7","Mujer","2"
"197","Les alcanza bien y pueden ahorrar","7","Hombre","3"
"198","Les alcanza justo, sin grandes dificultades","7","Hombre","4"
"199","Les alcanza justo, sin grandes dificultades","7","Mujer","3"
"200","Les alcanza justo, sin grandes dificultades","7","Mujer","4"
"201","Les alcanza bien y pueden ahorrar","7","Hombre","4"
"202","Les alcanza justo, sin grandes dificultades","7","Hombre","3"
"203","Les alcanza justo, sin grandes dificultades","7","Hombre","3"
"204","Les alcanza justo, sin grandes dificultades","7","Hombre","4"
"205","No les alcanza y tienen dificultades","7","Hombre","4"
"206","Les alcanza bien y pueden ahorrar","7","Mujer","4"
"207","Les alcanza bien y pueden ahorrar","7","Hombre","2"
"208","No les alcanza y tienen dificultades","7","Hombre","3"
"209","Les alcanza bien y pueden ahorrar","7","Hombre","4"
"210","Les alcanza justo, sin grandes dificultades","7","Mujer","4"
"211","No les alcanza y tienen grandes dificultades","7","Hombre","4"
"212","No les alcanza y tienen dificultades","8","Hombre","3"
"213","No les alcanza y tienen dificultades","8","Hombre","3"
"214","No les alcanza y tienen dificultades","8","Hombre","1"
"215","Les alcanza justo, sin grandes dificultades","8","Hombre","2"
"216","Les alcanza justo, sin grandes dificultades","8","Hombre","1"
"217","Les alcanza bien y pueden ahorrar","8","Hombre","2"
"218","No les alcanza y tienen dificultades","8","Mujer","4"
"219","No les alcanza y tienen dificultades","8","Mujer","2"
"220","Les alcanza bien y pueden ahorrar","8","Mujer","2"
"221","Les alcanza bien y pueden ahorrar","8","Mujer","2"
"222","Les alcanza justo, sin grandes dificultades","8","Mujer","4"
"223","Les alcanza bien y pueden ahorrar","8","Hombre","2"
"224","Les alcanza justo, sin grandes dificultades","8","Mujer","3"
"225","Les alcanza bien y pueden ahorrar","8","Mujer","1"
"226","Les alcanza justo, sin grandes dificultades","8","Mujer","2"
"227","No les alcanza y tienen dificultades","8","Mujer","3"
"228","No les alcanza y tienen dificultades","8","Mujer","3"
"229","Les alcanza justo, sin grandes dificultades","8","Hombre","2"
"230","No les alcanza y tienen dificultades","8","Hombre","1"
"231","Les alcanza justo, sin grandes dificultades","8","Mujer","2"
"232","Les alcanza justo, sin grandes dificultades","8","Hombre","3"
"233","Les alcanza bien y pueden ahorrar","8","Mujer","3"
"234","No les alcanza y tienen dificultades","8","Hombre","3"
"235","Les alcanza justo, sin grandes dificultades","8","Hombre","3"
"236","Les alcanza bien y pueden ahorrar","8","Hombre","3"
"237","Les alcanza justo, sin grandes dificultades","8","Mujer","3"
"238","Les alcanza bien y pueden ahorrar","8","Mujer","2"
"239","No les alcanza y tienen grandes dificultades","8","Hombre","2"
"240","Les alcanza justo, sin grandes dificultades","8","Mujer","1"
"241","Les alcanza justo, sin grandes dificultades","8","Hombre","2"
"242","Les alcanza justo, sin grandes dificultades","8","Hombre","1"
"243","No les alcanza y tienen dificultades","8","Hombre","3"
"244","Les alcanza justo, sin grandes dificultades","8","Hombre","1"
"245","Les alcanza bien y pueden ahorrar","8","Mujer","2"
"246","Les alcanza justo, sin grandes dificultades","8","Hombre","2"
"247","Les alcanza justo, sin grandes dificultades","8","Hombre","2"
"248","Les alcanza justo, sin grandes dificultades","8","Mujer","3"
"249","Les alcanza justo, sin grandes dificultades","8","Mujer","2"
"250","No les alcanza y tienen dificultades","8","Hombre","1"
"251","Les alcanza justo, sin grandes dificultades","8","Mujer","3"
"252","No les alcanza y tienen dificultades","8","Mujer","4"
"253","Les alcanza justo, sin grandes dificultades","8","Hombre","3"
"254","Les alcanza justo, sin grandes dificultades","8","Mujer","4"
"255","Les alcanza justo, sin grandes dificultades","8","Mujer","1"
"256","Les alcanza justo, sin grandes dificultades","8","Hombre","2"
"257","No les alcanza y tienen dificultades","8","Hombre","3"
"258","Les alcanza bien y pueden ahorrar","8","Mujer","2"
"259","Les alcanza justo, sin grandes dificultades","8","Mujer","2"
"260","No les alcanza y tienen dificultades","8","Hombre","1"
"261","Les alcanza justo, sin grandes dificultades","8","Mujer","2"
"262","No les alcanza y tienen dificultades","8","Hombre","2"
"263","No les alcanza y tienen dificultades","8","Hombre","2"
"264","Les alcanza justo, sin grandes dificultades","8","Hombre","2"
"265","Les alcanza justo, sin grandes dificultades","8","Hombre","2"
"266","Les alcanza justo, sin grandes dificultades","8","Mujer","2"
"267","Les alcanza justo, sin grandes dificultades","8","Mujer","4"
"268","No les alcanza y tienen dificultades","8","Hombre","3"
"269","Les alcanza justo, sin grandes dificultades","8","Mujer","2"
"270","No les alcanza y tienen dificultades","8","Mujer","2"
"271","Les alcanza justo, sin grandes dificultades","8","Hombre","3"
"272","No les alcanza y tienen dificultades","8","Mujer","2"
"273","Les alcanza justo, sin grandes dificultades","8","Hombre","1"
"274","No les alcanza y tienen dificultades","8","Mujer","3"
"275","No les alcanza y tienen dificultades","8","Hombre","1"
"276","No les alcanza y tienen dificultades","8","Mujer","3"
"277","Les alcanza bien y pueden ahorrar","9","Mujer","4"
"278","Les alcanza justo, sin grandes dificultades","9","Hombre","3"
"279","Les alcanza justo, sin grandes dificultades","9","Hombre","2"
"280","Les alcanza justo, sin grandes dificultades","9","Hombre","3"
"281","Les alcanza justo, sin grandes dificultades","9","Hombre","2"
"282","Les alcanza justo, sin grandes dificultades","9","Hombre","3"
"283","Les alcanza bien y pueden ahorrar","9","Hombre","1"
"284","Les alcanza justo, sin grandes dificultades","9","Hombre","3"
"285","Les alcanza justo, sin grandes dificultades","9","Hombre","1"
"286","Les alcanza bien y pueden ahorrar","9","Mujer","1"
"287","Les alcanza justo, sin grandes dificultades","9","Hombre","4"
"288","Les alcanza justo, sin grandes dificultades","9","Hombre","3"
"289","No les alcanza y tienen dificultades","9","Hombre","2"
"290","Les alcanza justo, sin grandes dificultades","9","Mujer","3"
"291","Les alcanza bien y pueden ahorrar","9","Mujer","1"
"292","Les alcanza justo, sin grandes dificultades","9","Hombre","3"
"293","Les alcanza justo, sin grandes dificultades","9","Hombre","1"
"294","Les alcanza justo, sin grandes dificultades","9","Hombre","1"
"295","Les alcanza justo, sin grandes dificultades","9","Hombre","1"
"296","No les alcanza y tienen dificultades","9","Hombre","2"
"297","No les alcanza y tienen dificultades","9","Hombre","3"
"298","No les alcanza y tienen dificultades","9","Mujer","4"
"299","No les alcanza y tienen grandes dificultades","9","Hombre","3"
"300","Les alcanza justo, sin grandes dificultades","9","Hombre","3"
"301","Les alcanza justo, sin grandes dificultades","6","Mujer","2"
"302","Les alcanza justo, sin grandes dificultades","6","Mujer","3"
"303","No les alcanza y tienen dificultades","6","Mujer","3"
"304","Les alcanza justo, sin grandes dificultades","6","Hombre","2"
"305","No les alcanza y tienen dificultades","6","Hombre","3"
"306","Les alcanza justo, sin grandes dificultades","6","Hombre","1"
"307","Les alcanza justo, sin grandes dificultades","6","Hombre","2"
"308","Les alcanza justo, sin grandes dificultades","6","Hombre","4"
"309","Les alcanza justo, sin grandes dificultades","6","Mujer","2"
"310","Les alcanza justo, sin grandes dificultades","6","Hombre","1"
"311","Les alcanza justo, sin grandes dificultades","6","Mujer","4"
"312","Les alcanza justo, sin grandes dificultades","6","Hombre","4"
"313","No les alcanza y tienen dificultades","6","Hombre","2"
"314","No les alcanza y tienen dificultades","6","Hombre","2"
"315","No les alcanza y tienen dificultades","6","Hombre","3"
"316","No les alcanza y tienen dificultades","6","Mujer","2"
"317","Les alcanza justo, sin grandes dificultades","6","Hombre","2"
"318","Les alcanza justo, sin grandes dificultades","6","Hombre","2"
"319","Les alcanza bien y pueden ahorrar","6","Hombre","3"
"320","Les alcanza bien y pueden ahorrar","6","Hombre","2"
"321","Les alcanza bien y pueden ahorrar","6","Mujer","2"
"322","Les alcanza justo, sin grandes dificultades","6","Mujer","2"
"323","Les alcanza justo, sin grandes dificultades","6","Hombre","1"
"324","No les alcanza y tienen dificultades","6","Mujer","3"
"325","Les alcanza bien y pueden ahorrar","6","Mujer","2"
"326","No les alcanza y tienen dificultades","6","Hombre","3"
"327","Les alcanza bien y pueden ahorrar","6","Mujer","2"
"328","No les alcanza y tienen dificultades","6","Hombre","4"
"329","No les alcanza y tienen dificultades","6","Mujer","3"
"330","Les alcanza justo, sin grandes dificultades","6","Hombre","3"
"331","No les alcanza y tienen dificultades","6","Hombre","3"
"332","Les alcanza justo, sin grandes dificultades","6","Hombre","4"
"333","Les alcanza justo, sin grandes dificultades","6","Hombre","1"
"334","No les alcanza y tienen dificultades","6","Mujer","3"
"335","Les alcanza justo, sin grandes dificultades","6","Hombre","3"
"336","Les alcanza bien y pueden ahorrar","6","Hombre","3"
"337","Les alcanza justo, sin grandes dificultades","6","Hombre","4"
"338","Les alcanza justo, sin grandes dificultades","6","Mujer","2"
"339","Les alcanza justo, sin grandes dificultades","6","Mujer","1"
"340","Les alcanza bien y pueden ahorrar","6","Hombre","1"
"341","Les alcanza bien y pueden ahorrar","6","Hombre","4"
"342","Les alcanza bien y pueden ahorrar","6","Hombre","2"
"343","Les alcanza justo, sin grandes dificultades","6","Mujer","2"
"344","Les alcanza justo, sin grandes dificultades","6","Mujer","3"
"345","Les alcanza bien y pueden ahorrar","6","Mujer","3"
"346","Les alcanza bien y pueden ahorrar","6","Mujer","3"
"347","Les alcanza justo, sin grandes dificultades","6","Hombre","4"
"348","Les alcanza bien y pueden ahorrar","6","Hombre","4"
"349","Les alcanza bien y pueden ahorrar","6","Hombre","3"
"350","No les alcanza y tienen dificultades","6","Hombre","3"
"351","Les alcanza bien y pueden ahorrar","6","Hombre","2"
"352","Les alcanza justo, sin grandes dificultades","6","Mujer","1"
"353","Les alcanza justo, sin grandes dificultades","6","Hombre","2"
"354","Les alcanza justo, sin grandes dificultades","6","Mujer","3"
"355","No les alcanza y tienen grandes dificultades","6","Hombre","3"
"356","Les alcanza justo, sin grandes dificultades","6","Mujer","3"
"357","Les alcanza justo, sin grandes dificultades","6","Hombre","2"
"358","Les alcanza justo, sin grandes dificultades","6","Hombre","4"
"359","No les alcanza y tienen grandes dificultades","6","Hombre","4"
"360","Les alcanza justo, sin grandes dificultades","6","Mujer","4"
"361","No les alcanza y tienen dificultades","6","Hombre","4"
"362","No les alcanza y tienen dificultades","6","Hombre","4"
"363","Les alcanza justo, sin grandes dificultades","6","Hombre","2"
"364","Les alcanza bien y pueden ahorrar","6","Hombre","4"
"365","No les alcanza y tienen dificultades","6","Mujer","4"
"366","Les alcanza justo, sin grandes dificultades","6","Hombre","2"
"367","Les alcanza justo, sin grandes dificultades","6","Hombre","4"
"368","No les alcanza y tienen dificultades","6","Hombre","3"
"369","No les alcanza y tienen dificultades","6","Hombre","4"
"370","No les alcanza y tienen dificultades","6","Hombre","3"
"371","No les alcanza y tienen dificultades","6","Hombre","4"
"372","Les alcanza justo, sin grandes dificultades","6","Hombre","4"
"373","Les alcanza justo, sin grandes dificultades","6","Hombre","4"
"374","Les alcanza justo, sin grandes dificultades","6","Hombre","4"
"375","No les alcanza y tienen dificultades","6","Hombre","4"
"376","Les alcanza justo, sin grandes dificultades","6","Mujer","3"
"377","No les alcanza y tienen grandes dificultades","6","Hombre","4"
"378","Les alcanza justo, sin grandes dificultades","6","Hombre","4"
"379","Les alcanza bien y pueden ahorrar","6","Mujer","4"
"380","Les alcanza justo, sin grandes dificultades","6","Hombre","2"
"381","Les alcanza justo, sin grandes dificultades","6","Mujer","4"
"382","Les alcanza justo, sin grandes dificultades","6","Hombre","3"
"383","Les alcanza justo, sin grandes dificultades","6","Mujer","3"
"384","Les alcanza justo, sin grandes dificultades","6","Hombre","4"
"385","Les alcanza justo, sin grandes dificultades","6","Hombre","4"
"386","No les alcanza y tienen dificultades","6","Mujer","3"
"387","Les alcanza justo, sin grandes dificultades","6","Hombre","4"
"388","Les alcanza justo, sin grandes dificultades","6","Hombre","4"
"389","Les alcanza justo, sin grandes dificultades","6","Hombre","2"
"390","No les alcanza y tienen dificultades","6","Hombre","4"
"391","Les alcanza justo, sin grandes dificultades","6","Hombre","3"
"392","Les alcanza justo, sin grandes dificultades","6","Hombre","3"
"393","Les alcanza bien y pueden ahorrar","6","Hombre","2"
"394","No les alcanza y tienen dificultades","6","Hombre","3"
"395","Les alcanza bien y pueden ahorrar","6","Hombre","2"
"396","Les alcanza bien y pueden ahorrar","6","Mujer","3"
"397","No les alcanza y tienen dificultades","6","Hombre","4"
"398","Les alcanza justo, sin grandes dificultades","6","Hombre","3"
"399","Les alcanza justo, sin grandes dificultades","6","Hombre","4"
"400","Les alcanza justo, sin grandes dificultades","10","Mujer","1"
"401","Les alcanza justo, sin grandes dificultades","10","Hombre","2"
"402","No les alcanza y tienen grandes dificultades","10","Hombre","4"
"403","Les alcanza justo, sin grandes dificultades","10","Hombre","3"
"404","Les alcanza justo, sin grandes dificultades","10","Mujer","3"
"405","Les alcanza justo, sin grandes dificultades","10","Hombre","1"
"406","Les alcanza justo, sin grandes dificultades","10","Mujer","3"
"407","Les alcanza justo, sin grandes dificultades","10","Hombre","3"
"408","No les alcanza y tienen dificultades","10","Hombre","3"
"409","Les alcanza bien y pueden ahorrar","10","Mujer","1"
"410","Les alcanza bien y pueden ahorrar","10","Hombre","4"
"411","Les alcanza justo, sin grandes dificultades","10","Mujer","1"
"412","Les alcanza justo, sin grandes dificultades","10","Mujer","4"
"413","Les alcanza bien y pueden ahorrar","10","Hombre","1"
"414","No les alcanza y tienen dificultades","10","Mujer","3"
"415","No les alcanza y tienen dificultades","10","Hombre","3"
"416","No les alcanza y tienen dificultades","10","Hombre","2"
"417","No les alcanza y tienen dificultades","10","Hombre","3"
"418","Les alcanza justo, sin grandes dificultades","10","Mujer","2"
"419","No les alcanza y tienen dificultades","10","Mujer","3"
"420","Les alcanza justo, sin grandes dificultades","10","Hombre","4"
"421","Les alcanza justo, sin grandes dificultades","10","Hombre","4"
"422","No les alcanza y tienen dificultades","10","Hombre","2"
"423","Les alcanza bien y pueden ahorrar","10","Hombre","1"
"424","No les alcanza y tienen dificultades","10","Mujer","2"
"425","Les alcanza justo, sin grandes dificultades","10","Hombre","1"
"426","Les alcanza justo, sin grandes dificultades","10","Hombre","1"
"427","No les alcanza y tienen grandes dificultades","10","Hombre","2"
"428","No les alcanza y tienen dificultades","10","Hombre","4"
"429","Les alcanza bien y pueden ahorrar","10","Mujer","1"
"430","Les alcanza bien y pueden ahorrar","10","Mujer","2"
"431","No les alcanza y tienen dificultades","10","Mujer","2"
"432","Les alcanza justo, sin grandes dificultades","10","Mujer","4"
"433","Les alcanza justo, sin grandes dificultades","10","Hombre","1"
"434","Les alcanza bien y pueden ahorrar","10","Hombre","3"
"435","No les alcanza y tienen dificultades","10","Hombre","3"
"436","Les alcanza justo, sin grandes dificultades","10","Mujer","4"
"437","No les alcanza y tienen dificultades","10","Hombre","3"
"438","Les alcanza justo, sin grandes dificultades","10","Mujer","2"
"439","Les alcanza bien y pueden ahorrar","10","Hombre","1"
"440","Les alcanza justo, sin grandes dificultades","10","Mujer","1"
"441","Les alcanza bien y pueden ahorrar","10","Mujer","4"
"442","Les alcanza justo, sin grandes dificultades","10","Hombre","2"
"443","No les alcanza y tienen dificultades","10","Hombre","1"
"444","No les alcanza y tienen dificultades","10","Mujer","2"
"445","Les alcanza justo, sin grandes dificultades","10","Mujer","2"
"446","Les alcanza justo, sin grandes dificultades","10","Mujer","2"
"447","Les alcanza justo, sin grandes dificultades","10","Hombre","2"
"448","Les alcanza justo, sin grandes dificultades","10","Mujer","1"
"449","Les alcanza justo, sin grandes dificultades","10","Mujer","2"
"450","No les alcanza y tienen dificultades","10","Mujer","3"
"451","No les alcanza y tienen dificultades","10","Mujer","2"
"452","Les alcanza justo, sin grandes dificultades","10","Hombre","1"
"453","Les alcanza bien y pueden ahorrar","10","Mujer","2"
"454","Les alcanza justo, sin grandes dificultades","10","Mujer","3"
"455","Les alcanza justo, sin grandes dificultades","10","Hombre","2"
"456","Les alcanza justo, sin grandes dificultades","10","Hombre","2"
"457","No les alcanza y tienen dificultades","10","Hombre","2"
"458","Les alcanza justo, sin grandes dificultades","10","Hombre","2"
"459","Les alcanza justo, sin grandes dificultades","10","Hombre","3"
"460","Les alcanza bien y pueden ahorrar","10","Hombre","1"
"461","Les alcanza justo, sin grandes dificultades","10","Hombre","1"
"462","No les alcanza y tienen grandes dificultades","10","Mujer","3"
"463","Les alcanza justo, sin grandes dificultades","10","Mujer","2"
"464","Les alcanza justo, sin grandes dificultades","10","Hombre","2"
"465","Les alcanza bien y pueden ahorrar","10","Hombre","3"
"466","Les alcanza justo, sin grandes dificultades","10","Mujer","1"
"467","Les alcanza justo, sin grandes dificultades","10","Mujer","3"
"468","Les alcanza bien y pueden ahorrar","10","Hombre","1"
"469","Les alcanza justo, sin grandes dificultades","10","Mujer","2"
"470","Les alcanza justo, sin grandes dificultades","10","Mujer","2"
"471","Les alcanza justo, sin grandes dificultades","10","Hombre","2"
"472","No les alcanza y tienen dificultades","10","Mujer","2"
"473","Les alcanza justo, sin grandes dificultades","10","Hombre","2"
"474","Les alcanza justo, sin grandes dificultades","10","Hombre","2"
"475","Les alcanza justo, sin grandes dificultades","10","Hombre","3"
"476","Les alcanza justo, sin grandes dificultades","10","Hombre","1"
"477","Les alcanza bien y pueden ahorrar","10","Mujer","2"
"478","Les alcanza justo, sin grandes dificultades","10","Hombre","1"
"479","Les alcanza bien y pueden ahorrar","10","Mujer","1"
"480","Les alcanza justo, sin grandes dificultades","10","Hombre","2"
"481","Les alcanza justo, sin grandes dificultades","10","Hombre","4"
"482","No les alcanza y tienen grandes dificultades","10","Hombre","2"
"483","No les alcanza y tienen dificultades","10","Hombre","3"
"484","No les alcanza y tienen dificultades","10","Mujer","4"
"485","Les alcanza bien y pueden ahorrar","10","Hombre","1"
"486","Les alcanza bien y pueden ahorrar","10","Mujer","3"
"487","Les alcanza justo, sin grandes dificultades","10","Mujer","4"
"488","No les alcanza y tienen dificultades","10","Mujer","4"
"489","Les alcanza justo, sin grandes dificultades","10","Hombre","2"
"490","No les alcanza y tienen dificultades","10","Mujer","3"
"491","Les alcanza justo, sin grandes dificultades","10","Hombre","1"
"492","Les alcanza bien y pueden ahorrar","10","Mujer","2"
"493","Les alcanza justo, sin grandes dificultades","10","Mujer","1"
"494","Les alcanza justo, sin grandes dificultades","10","Hombre","2"
"495","Les alcanza justo, sin grandes dificultades","10","Hombre","1"
"496","No les alcanza y tienen dificultades","10","Mujer","3"
"497","Les alcanza bien y pueden ahorrar","10","Hombre","2"
"498","Les alcanza justo, sin grandes dificultades","10","Hombre","2"
"499","Les alcanza justo, sin grandes dificultades","10","Hombre","2"
"500","Les alcanza justo, sin grandes dificultades","10","Hombre","3"
"501","No les alcanza y tienen dificultades","10","Mujer","2"
"502","Les alcanza justo, sin grandes dificultades","10","Mujer","2"
"503","Les alcanza justo, sin grandes dificultades","10","Mujer","1"
"504","Les alcanza bien y pueden ahorrar","10","Mujer","3"
"505","Les alcanza justo, sin grandes dificultades","10","Hombre","2"
"506","Les alcanza justo, sin grandes dificultades","10","Mujer","2"
"507","Les alcanza justo, sin grandes dificultades","10","Hombre","1"
"508","Les alcanza bien y pueden ahorrar","10","Mujer","3"
"509","Les alcanza bien y pueden ahorrar","10","Hombre","2"
"510","Les alcanza justo, sin grandes dificultades","10","Hombre","2"
"511","Les alcanza justo, sin grandes dificultades","10","Hombre","2"
"512","Les alcanza bien y pueden ahorrar","10","Mujer","3"
"513","Les alcanza justo, sin grandes dificultades","10","Mujer","2"
"514","Les alcanza justo, sin grandes dificultades","10","Hombre","1"
"515","Les alcanza justo, sin grandes dificultades","10","Mujer","3"
"516","Les alcanza bien y pueden ahorrar","10","Hombre","4"
"517","Les alcanza justo, sin grandes dificultades","10","Mujer","1"
"518","Les alcanza justo, sin grandes dificultades","10","Mujer","3"
"519","No les alcanza y tienen dificultades","10","Hombre","2"
"520","No les alcanza y tienen dificultades","8","Mujer","4"
"521","No les alcanza y tienen dificultades","8","Hombre","3"
"522","Les alcanza justo, sin grandes dificultades","8","Mujer","1"
"523","No les alcanza y tienen dificultades","8","Mujer","4"
"524","No les alcanza y tienen dificultades","8","Mujer","4"
"525","Les alcanza justo, sin grandes dificultades","8","Mujer","2"
"526","Les alcanza justo, sin grandes dificultades","8","Hombre","3"
"527","Les alcanza justo, sin grandes dificultades","8","Hombre","2"
"528","Les alcanza justo, sin grandes dificultades","8","Mujer","1"
"529","Les alcanza justo, sin grandes dificultades","8","Mujer","1"
"530","No les alcanza y tienen dificultades","8","Hombre","4"
"531","Les alcanza justo, sin grandes dificultades","8","Hombre","3"
"532","No les alcanza y tienen dificultades","8","Hombre","3"
"533","Les alcanza justo, sin grandes dificultades","8","Hombre","3"
"534","Les alcanza bien y pueden ahorrar","8","Hombre","1"
"535","No les alcanza y tienen grandes dificultades","8","Mujer","2"
"536","No les alcanza y tienen dificultades","8","Hombre","1"
"537","Les alcanza justo, sin grandes dificultades","8","Hombre","2"
"538","Les alcanza justo, sin grandes dificultades","8","Hombre","3"
"539","Les alcanza bien y pueden ahorrar","8","Hombre","2"
"540","Les alcanza justo, sin grandes dificultades","8","Hombre","3"
"541","Les alcanza justo, sin grandes dificultades","8","Mujer","1"
"542","Les alcanza justo, sin grandes dificultades","8","Hombre","4"
"543","Les alcanza justo, sin grandes dificultades","8","Hombre","3"
"544","Les alcanza bien y pueden ahorrar","8","Hombre","3"
"545","Les alcanza bien y pueden ahorrar","8","Mujer","3"
"546","No les alcanza y tienen dificultades","8","Hombre","3"
"547","Les alcanza justo, sin grandes dificultades","8","Hombre","2"
"548","Les alcanza justo, sin grandes dificultades","8","Hombre","2"
"549","Les alcanza bien y pueden ahorrar","8","Hombre","1"
"550","Les alcanza justo, sin grandes dificultades","8","Mujer","2"
"551","Les alcanza justo, sin grandes dificultades","8","Hombre","2"
"552","Les alcanza bien y pueden ahorrar","8","Mujer","1"
"553","No les alcanza y tienen dificultades","8","Hombre","3"
"554","Les alcanza justo, sin grandes dificultades","8","Hombre","3"
"555","Les alcanza justo, sin grandes dificultades","8","Mujer","3"
"556","Les alcanza bien y pueden ahorrar","8","Mujer","1"
"557","Les alcanza justo, sin grandes dificultades","8","Hombre","3"
"558","Les alcanza justo, sin grandes dificultades","8","Hombre","2"
"559","Les alcanza justo, sin grandes dificultades","8","Hombre","3"
"560","Les alcanza justo, sin grandes dificultades","10","Mujer","3"
"561","Les alcanza justo, sin grandes dificultades","10","Hombre","2"
"562","Les alcanza justo, sin grandes dificultades","10","Hombre","3"
"563","Les alcanza justo, sin grandes dificultades","10","Hombre","1"
"564","Les alcanza justo, sin grandes dificultades","10","Mujer","3"
"565","Les alcanza justo, sin grandes dificultades","10","Mujer","3"
"566","Les alcanza justo, sin grandes dificultades","10","Mujer","3"
"567","No les alcanza y tienen grandes dificultades","10","Mujer","1"
"568","Les alcanza bien y pueden ahorrar","10","Mujer","1"
"569","Les alcanza bien y pueden ahorrar","10","Mujer","1"
"570","Les alcanza justo, sin grandes dificultades","10","Mujer","1"
"571","Les alcanza justo, sin grandes dificultades","10","Mujer","3"
"572","Les alcanza justo, sin grandes dificultades","10","Hombre","2"
"573","Les alcanza justo, sin grandes dificultades","10","Mujer","3"
"574","Les alcanza justo, sin grandes dificultades","10","Mujer","2"
"575","Les alcanza justo, sin grandes dificultades","10","Hombre","1"
"576","Les alcanza justo, sin grandes dificultades","10","Mujer","1"
"577","Les alcanza justo, sin grandes dificultades","10","Mujer","3"
"578","Les alcanza justo, sin grandes dificultades","10","Hombre","1"
"579","Les alcanza justo, sin grandes dificultades","10","Mujer","4"
"580","Les alcanza justo, sin grandes dificultades","10","Hombre","1"
"581","Les alcanza justo, sin grandes dificultades","10","Hombre","2"
"582","No les alcanza y tienen dificultades","10","Mujer","4"
"583","Les alcanza justo, sin grandes dificultades","10","Mujer","2"
"584","Les alcanza justo, sin grandes dificultades","10","Mujer","3"
"585","Les alcanza justo, sin grandes dificultades","10","Hombre","1"
"586","No les alcanza y tienen dificultades","10","Mujer","1"
"587","No les alcanza y tienen dificultades","10","Hombre","4"
"588","No les alcanza y tienen dificultades","10","Hombre","3"
"589","No les alcanza y tienen dificultades","10","Hombre","3"
"590","Les alcanza bien y pueden ahorrar","10","Mujer","1"
"591","No les alcanza y tienen grandes dificultades","10","Mujer","3"
"592","Les alcanza justo, sin grandes dificultades","10","Hombre","1"
"593","Les alcanza justo, sin grandes dificultades","10","Hombre","1"
"594","Les alcanza justo, sin grandes dificultades","8","Mujer","2"
"595","Les alcanza justo, sin grandes dificultades","8","Mujer","2"
"596","Les alcanza justo, sin grandes dificultades","8","Hombre","1"
"597","Les alcanza justo, sin grandes dificultades","8","Mujer","2"
"598","Les alcanza justo, sin grandes dificultades","8","Mujer","4"
"599","Les alcanza justo, sin grandes dificultades","8","Mujer","3"
"600","No les alcanza y tienen dificultades","8","Hombre","3"
"601","Les alcanza justo, sin grandes dificultades","8","Mujer","2"
"602","Les alcanza bien y pueden ahorrar","8","Mujer","1"
"603","Les alcanza justo, sin grandes dificultades","8","Mujer","4"
"604","No les alcanza y tienen dificultades","8","Hombre","2"
"605","No les alcanza y tienen dificultades","8","Hombre","1"
"606","No les alcanza y tienen dificultades","8","Hombre","2"
"607","Les alcanza justo, sin grandes dificultades","8","Mujer","3"
"608","Les alcanza justo, sin grandes dificultades","8","Hombre","2"
"609","Les alcanza justo, sin grandes dificultades","8","Hombre","1"
"610","No les alcanza y tienen dificultades","8","Mujer","4"
"611","No les alcanza y tienen dificultades","8","Mujer","2"
"612","Les alcanza justo, sin grandes dificultades","8","Hombre","2"
"613","Les alcanza justo, sin grandes dificultades","8","Mujer","1"
"614","Les alcanza justo, sin grandes dificultades","8","Mujer","3"
"615","No les alcanza y tienen dificultades","8","Mujer","3"
"616","No les alcanza y tienen dificultades","8","Hombre","4"
"617","No les alcanza y tienen dificultades","8","Mujer","4"
"618","Les alcanza justo, sin grandes dificultades","8","Mujer","2"
"619","Les alcanza justo, sin grandes dificultades","8","Mujer","1"
"620","No les alcanza y tienen dificultades","8","Hombre","3"
"621","No les alcanza y tienen dificultades","8","Mujer","4"
"622","Les alcanza justo, sin grandes dificultades","8","Hombre","3"
"623","No les alcanza y tienen dificultades","8","Hombre","2"
"624","No les alcanza y tienen dificultades","8","Mujer","2"
"625","No les alcanza y tienen dificultades","8","Hombre","3"
"626","Les alcanza justo, sin grandes dificultades","8","Mujer","1"
"627","No les alcanza y tienen grandes dificultades","8","Mujer","3"
"628","Les alcanza justo, sin grandes dificultades","8","Otro","2"
"629","No les alcanza y tienen dificultades","8","Hombre","2"
"630","Les alcanza justo, sin grandes dificultades","8","Mujer","1"
"631","Les alcanza bien y pueden ahorrar","8","Mujer","2"
"632","Les alcanza bien y pueden ahorrar","8","Mujer","1"
"633","Les alcanza justo, sin grandes dificultades","8","Mujer","2"
"634","Les alcanza bien y pueden ahorrar","8","Mujer","2"
"635","Les alcanza justo, sin grandes dificultades","8","Mujer","2"
"636","Les alcanza justo, sin grandes dificultades","8","Mujer","3"
"637","Les alcanza justo, sin grandes dificultades","8","Hombre","2"
"638","Les alcanza justo, sin grandes dificultades","8","Mujer","1"
"639","No les alcanza y tienen grandes dificultades","8","Mujer","3"
"640","Les alcanza justo, sin grandes dificultades","8","Hombre","2"
"641","Les alcanza justo, sin grandes dificultades","8","Mujer","1"
"642","Les alcanza justo, sin grandes dificultades","8","Hombre","2"
"643","Les alcanza justo, sin grandes dificultades","8","Mujer","1"
"644","Les alcanza justo, sin grandes dificultades","3","Hombre","4"
"645","Les alcanza justo, sin grandes dificultades","3","Mujer","2"
"646","Les alcanza justo, sin grandes dificultades","3","Mujer","3"
"647","Les alcanza bien y pueden ahorrar","3","Hombre","4"
"648","No les alcanza y tienen dificultades","3","Hombre","4"
"649","No les alcanza y tienen dificultades","3","Hombre","2"
"650","No les alcanza y tienen dificultades","3","Hombre","4"
"651","Les alcanza justo, sin grandes dificultades","3","Mujer","4"
"652","No les alcanza y tienen dificultades","3","Hombre","4"
"653","No les alcanza y tienen grandes dificultades","3","Mujer","4"
"654","Les alcanza justo, sin grandes dificultades","3","Mujer","4"
"655","Les alcanza justo, sin grandes dificultades","3","Mujer","1"
"656","Les alcanza bien y pueden ahorrar","3","Hombre","4"
"657","Les alcanza justo, sin grandes dificultades","3","Mujer","3"
"658","Les alcanza justo, sin grandes dificultades","3","Mujer","3"
"659","Les alcanza justo, sin grandes dificultades","3","Mujer","4"
"660","Les alcanza justo, sin grandes dificultades","3","Mujer","3"
"661","No les alcanza y tienen grandes dificultades","3","Mujer","2"
"662","Les alcanza justo, sin grandes dificultades","3","Hombre","3"
"663","No les alcanza y tienen grandes dificultades","3","Mujer","3"
"664","Les alcanza justo, sin grandes dificultades","3","Hombre","3"
"665","Les alcanza justo, sin grandes dificultades","3","Hombre","2"
"666","No les alcanza y tienen dificultades","3","Hombre","3"
"667","No les alcanza y tienen grandes dificultades","3","Mujer","4"
"668","Les alcanza justo, sin grandes dificultades","3","Hombre","2"
"669","Les alcanza justo, sin grandes dificultades","3","Hombre","2"
"670","Les alcanza bien y pueden ahorrar","3","Hombre","1"
"671","Les alcanza justo, sin grandes dificultades","3","Mujer","3"
"672","Les alcanza justo, sin grandes dificultades","3","Mujer","1"
"673","Les alcanza justo, sin grandes dificultades","3","Mujer","1"
"674","No les alcanza y tienen dificultades","3","Mujer","4"
"675","No les alcanza y tienen dificultades","3","Hombre","4"
"676","Les alcanza bien y pueden ahorrar","3","Mujer","3"
"677","Les alcanza justo, sin grandes dificultades","3","Hombre","4"
"678","Les alcanza bien y pueden ahorrar","3","Hombre","4"
"679","Les alcanza justo, sin grandes dificultades","3","Mujer","1"
"680","No les alcanza y tienen dificultades","3","Mujer","3"
"681","Les alcanza justo, sin grandes dificultades","3","Mujer","1"
"682","Les alcanza justo, sin grandes dificultades","3","Mujer","2"
"683","Les alcanza justo, sin grandes dificultades","3","Mujer","3"
"684","Les alcanza bien y pueden ahorrar","3","Hombre","1"
"685","Les alcanza bien y pueden ahorrar","3","Mujer","4"
"686","Les alcanza justo, sin grandes dificultades","3","Mujer","2"
"687","Les alcanza justo, sin grandes dificultades","3","Hombre","2"
"688","No les alcanza y tienen dificultades","3","Hombre","2"
"689","Les alcanza justo, sin grandes dificultades","3","Hombre","2"
"690","Les alcanza bien y pueden ahorrar","3","Mujer","1"
"691","Les alcanza justo, sin grandes dificultades","3","Mujer","4"
"692","Les alcanza bien y pueden ahorrar","3","Mujer","2"
"693","No les alcanza y tienen dificultades","3","Hombre","3"
"694","Les alcanza justo, sin grandes dificultades","3","Hombre","2"
"695","Les alcanza justo, sin grandes dificultades","3","Hombre","2"
"696","No les alcanza y tienen dificultades","3","Mujer","4"
"697","Les alcanza justo, sin grandes dificultades","3","Hombre","4"
"698","No les alcanza y tienen dificultades","3","Mujer","1"
"699","Les alcanza justo, sin grandes dificultades","3","Hombre","4"
"700","Les alcanza justo, sin grandes dificultades","3","Hombre","1"
"701","Les alcanza justo, sin grandes dificultades","3","Mujer","4"
"702","Les alcanza justo, sin grandes dificultades","3","Mujer","4"
"703","No les alcanza y tienen grandes dificultades","3","Mujer","3"
"704","Les alcanza bien y pueden ahorrar","3","Mujer","4"
"705","Les alcanza bien y pueden ahorrar","3","Mujer","1"
"706","Les alcanza justo, sin grandes dificultades","3","Hombre","2"
"707","Les alcanza justo, sin grandes dificultades","3","Mujer","2"
"708","Les alcanza justo, sin grandes dificultades","3","Mujer","1"
"709","Les alcanza justo, sin grandes dificultades","3","Mujer","1"
"710","No les alcanza y tienen dificultades","3","Hombre","2"
"711","Les alcanza justo, sin grandes dificultades","3","Mujer","1"
"712","Les alcanza justo, sin grandes dificultades","3","Hombre","1"
"713","Les alcanza bien y pueden ahorrar","3","Hombre","4"
"714","Les alcanza bien y pueden ahorrar","3","Hombre","2"
"715","No les alcanza y tienen dificultades","3","Hombre","3"
"716","Les alcanza bien y pueden ahorrar","3","Mujer","4"
"717","Les alcanza justo, sin grandes dificultades","3","Mujer","1"
"718","Les alcanza justo, sin grandes dificultades","3","Hombre","4"
"719","Les alcanza justo, sin grandes dificultades","3","Hombre","4"
"720","No les alcanza y tienen dificultades","3","Mujer","3"
"721","Les alcanza justo, sin grandes dificultades","3","Mujer","1"
"722","No les alcanza y tienen grandes dificultades","3","Mujer","3"
"723","Les alcanza justo, sin grandes dificultades","3","Mujer","3"
"724","No les alcanza y tienen dificultades","3","Mujer","4"
"725","Les alcanza justo, sin grandes dificultades","3","Mujer","2"
"726","No les alcanza y tienen dificultades","3","Hombre","4"
"727","No les alcanza y tienen dificultades","3","Hombre","2"
"728","Les alcanza justo, sin grandes dificultades","3","Hombre","4"
"729","Les alcanza bien y pueden ahorrar","3","Mujer","3"
"730","Les alcanza justo, sin grandes dificultades","3","Mujer","3"
"731","Les alcanza justo, sin grandes dificultades","3","Hombre","2"
"732","Les alcanza justo, sin grandes dificultades","3","Hombre","1"
"733","Les alcanza justo, sin grandes dificultades","3","Mujer","3"
"734","Les alcanza bien y pueden ahorrar","3","Mujer","1"
"735","Les alcanza justo, sin grandes dificultades","3","Mujer","4"
"736","Les alcanza justo, sin grandes dificultades","3","Hombre","4"
"737","Les alcanza justo, sin grandes dificultades","3","Mujer","1"
"738","Les alcanza justo, sin grandes dificultades","3","Hombre","1"
"739","Les alcanza justo, sin grandes dificultades","3","Mujer","3"
"740","Les alcanza justo, sin grandes dificultades","3","Hombre","4"
"741","Les alcanza justo, sin grandes dificultades","3","Hombre","2"
"742","Les alcanza justo, sin grandes dificultades","3","Hombre","3"
"743","No les alcanza y tienen dificultades","3","Hombre","3"
"744","No les alcanza y tienen dificultades","3","Hombre","4"
"745","Les alcanza bien y pueden ahorrar","3","Mujer","4"
"746","Les alcanza bien y pueden ahorrar","3","Mujer","3"
"747","No les alcanza y tienen dificultades","3","Mujer","3"
"748","Les alcanza justo, sin grandes dificultades","3","Hombre","2"
"749","No les alcanza y tienen dificultades","3","Hombre","3"
"750","No les alcanza y tienen dificultades","3","Mujer","2"
"751","Les alcanza bien y pueden ahorrar","3","Mujer","3"
"752","Les alcanza justo, sin grandes dificultades","3","Hombre","1"
"753","No les alcanza y tienen dificultades","3","Mujer","1"
"754","No les alcanza y tienen dificultades","3","Mujer","4"
"755","No les alcanza y tienen dificultades","3","Hombre","4"
"756","Les alcanza justo, sin grandes dificultades","3","Hombre","3"
"757","Les alcanza bien y pueden ahorrar","3","Mujer","2"
"758","No les alcanza y tienen dificultades","3","Hombre","4"
"759","Les alcanza justo, sin grandes dificultades","3","Hombre","4"
"760","Les alcanza justo, sin grandes dificultades","3","Mujer","4"
"761","No les alcanza y tienen dificultades","3","Mujer","3"
"762","Les alcanza justo, sin grandes dificultades","3","Mujer","3"
"763","Les alcanza justo, sin grandes dificultades","3","Mujer","4"
"764","Les alcanza justo, sin grandes dificultades","3","Mujer","4"
"765","Les alcanza justo, sin grandes dificultades","3","Mujer","4"
"766","No les alcanza y tienen dificultades","3","Hombre","3"
"767","Les alcanza justo, sin grandes dificultades","3","Hombre","3"
"768","Les alcanza bien y pueden ahorrar","3","Hombre","4"
"769","Les alcanza justo, sin grandes dificultades","3","Hombre","3"
"770","Les alcanza justo, sin grandes dificultades","3","Mujer","4"
"771","Les alcanza justo, sin grandes dificultades","3","Hombre","4"
"772","No les alcanza y tienen dificultades","3","Mujer","1"
"773","Les alcanza justo, sin grandes dificultades","3","Hombre","4"
"774","Les alcanza justo, sin grandes dificultades","3","Mujer","4"
"775","Les alcanza justo, sin grandes dificultades","3","Hombre","2"
"776","Les alcanza bien y pueden ahorrar","3","Mujer","4"
"777","No les alcanza y tienen dificultades","3","Mujer","2"
"778","Les alcanza justo, sin grandes dificultades","3","Mujer","4"
"779","No les alcanza y tienen dificultades","3","Hombre","2"
"780","Les alcanza bien y pueden ahorrar","3","Hombre","1"
"781","Les alcanza justo, sin grandes dificultades","3","Hombre","4"
"782","Les alcanza justo, sin grandes dificultades","3","Hombre","3"
"783","No les alcanza y tienen dificultades","3","Hombre","3"
"784","Les alcanza justo, sin grandes dificultades","3","Hombre","4"
"785","Les alcanza justo, sin grandes dificultades","3","Mujer","3"
"786","No les alcanza y tienen dificultades","3","Mujer","1"
"787","Les alcanza justo, sin grandes dificultades","3","Hombre","4"
"788","Les alcanza justo, sin grandes dificultades","3","Hombre","4"
"789","Les alcanza justo, sin grandes dificultades","3","Hombre","4"
"790","Les alcanza justo, sin grandes dificultades","3","Hombre","2"
"791","Les alcanza justo, sin grandes dificultades","3","Hombre","3"
"792","Les alcanza justo, sin grandes dificultades","3","Hombre","4"
"793","No les alcanza y tienen grandes dificultades","3","Hombre","2"
"794","No les alcanza y tienen dificultades","3","Mujer","1"
"795","Les alcanza justo, sin grandes dificultades","3","Hombre","2"
"796","No les alcanza y tienen dificultades","3","Hombre","1"
"797","Les alcanza justo, sin grandes dificultades","3","Hombre","2"
"798","Les alcanza justo, sin grandes dificultades","3","Hombre","4"
"799","Les alcanza bien y pueden ahorrar","3","Hombre","3"
"800","Les alcanza justo, sin grandes dificultades","3","Mujer","4"
"801","Les alcanza justo, sin grandes dificultades","3","Mujer","4"
"802","Les alcanza justo, sin grandes dificultades","3","Hombre","3"
"803","Les alcanza justo, sin grandes dificultades","3","Mujer","2"
"804","Les alcanza justo, sin grandes dificultades","6","Mujer","1"
"805","Les alcanza justo, sin grandes dificultades","6","Mujer","3"
"806","Les alcanza justo, sin grandes dificultades","6","Mujer","4"
"807","No les alcanza y tienen dificultades","6","Hombre","4"
"808","Les alcanza justo, sin grandes dificultades","6","Mujer","3"
"809","Les alcanza justo, sin grandes dificultades","6","Mujer","2"
"810","Les alcanza justo, sin grandes dificultades","6","Mujer","2"
"811","Les alcanza justo, sin grandes dificultades","6","Mujer","3"
"812","No les alcanza y tienen grandes dificultades","6","Mujer","3"
"813","Les alcanza justo, sin grandes dificultades","6","Mujer","2"
"814","Les alcanza justo, sin grandes dificultades","6","Mujer","4"
"815","No les alcanza y tienen dificultades","6","Mujer","1"
"816","No les alcanza y tienen grandes dificultades","6","Hombre","3"
"817","Les alcanza justo, sin grandes dificultades","6","Mujer","4"
"818","Les alcanza justo, sin grandes dificultades","6","Hombre","1"
"819","Les alcanza justo, sin grandes dificultades","6","Mujer","2"
"820","Les alcanza justo, sin grandes dificultades","6","Mujer","3"
"821","Les alcanza bien y pueden ahorrar","6","Mujer","4"
"822","Les alcanza bien y pueden ahorrar","6","Hombre","4"
"823","No les alcanza y tienen dificultades","6","Mujer","4"
"824","Les alcanza bien y pueden ahorrar","6","Mujer","2"
"825","Les alcanza justo, sin grandes dificultades","6","Mujer","4"
"826","No les alcanza y tienen grandes dificultades","6","Mujer","1"
"827","Les alcanza justo, sin grandes dificultades","6","Mujer","3"
"828","No les alcanza y tienen dificultades","6","Hombre","4"
"829","Les alcanza justo, sin grandes dificultades","6","Hombre","3"
"830","No les alcanza y tienen dificultades","6","Hombre","1"
"831","Les alcanza justo, sin grandes dificultades","6","Mujer","3"
"832","No les alcanza y tienen dificultades","6","Mujer","3"
"833","No les alcanza y tienen dificultades","6","Mujer","3"
"834","Les alcanza justo, sin grandes dificultades","6","Hombre","2"
"835","Les alcanza justo, sin grandes dificultades","6","Hombre","2"
"836","No les alcanza y tienen dificultades","2","Mujer","3"
"837","Les alcanza bien y pueden ahorrar","2","Mujer","1"
"838","Les alcanza justo, sin grandes dificultades","2","Mujer","3"
"839","Les alcanza justo, sin grandes dificultades","2","Hombre","3"
"840","Les alcanza justo, sin grandes dificultades","2","Hombre","2"
"841","Les alcanza justo, sin grandes dificultades","2","Hombre","1"
"842","Les alcanza justo, sin grandes dificultades","2","Hombre","3"
"843","No les alcanza y tienen dificultades","2","Mujer","2"
"844","Les alcanza bien y pueden ahorrar","2","Mujer","1"
"845","Les alcanza justo, sin grandes dificultades","2","Mujer","3"
"846","Les alcanza bien y pueden ahorrar","2","Mujer","1"
"847","Les alcanza justo, sin grandes dificultades","2","Mujer","2"
"848","Les alcanza justo, sin grandes dificultades","2","Mujer","3"
"849","Les alcanza justo, sin grandes dificultades","2","Mujer","3"
"850","Les alcanza justo, sin grandes dificultades","2","Hombre","1"
"851","Les alcanza justo, sin grandes dificultades","2","Mujer","3"
"852","Les alcanza justo, sin grandes dificultades","2","Mujer","2"
"853","Les alcanza bien y pueden ahorrar","2","Hombre","1"
"854","Les alcanza justo, sin grandes dificultades","2","Mujer","1"
"855","Les alcanza justo, sin grandes dificultades","2","Mujer","4"
"856","Les alcanza justo, sin grandes dificultades","2","Hombre","2"
"857","No les alcanza y tienen dificultades","2","Mujer","3"
"858","Les alcanza justo, sin grandes dificultades","2","Hombre","2"
"859","Les alcanza justo, sin grandes dificultades","2","Hombre","3"
"860","Les alcanza justo, sin grandes dificultades","2","Mujer","3"
"861","Les alcanza justo, sin grandes dificultades","2","Hombre","4"
"862","Les alcanza justo, sin grandes dificultades","2","Hombre","3"
"863","Les alcanza justo, sin grandes dificultades","2","Hombre","3"
"864","Les alcanza bien y pueden ahorrar","2","Mujer","1"
"865","Les alcanza bien y pueden ahorrar","2","Mujer","1"
"866","Les alcanza justo, sin grandes dificultades","2","Hombre","3"
"867","Les alcanza justo, sin grandes dificultades","9","Hombre","1"
"868","Les alcanza justo, sin grandes dificultades","9","Hombre","2"
"869","Les alcanza justo, sin grandes dificultades","9","Mujer","2"
"870","Les alcanza justo, sin grandes dificultades","9","Mujer","1"
"871","Les alcanza justo, sin grandes dificultades","9","Mujer","3"
"872","Les alcanza bien y pueden ahorrar","9","Hombre","2"
"873","No les alcanza y tienen dificultades","9","Hombre","2"
"874","Les alcanza justo, sin grandes dificultades","9","Mujer","2"
"875","Les alcanza justo, sin grandes dificultades","9","Mujer","1"
"876","Les alcanza justo, sin grandes dificultades","9","Hombre","1"
"877","No les alcanza y tienen dificultades","9","Hombre","1"
"878","No les alcanza y tienen dificultades","9","Mujer","1"
"879","Les alcanza justo, sin grandes dificultades","9","Hombre","3"
"880","No les alcanza y tienen dificultades","9","Mujer","2"
"881","No les alcanza y tienen dificultades","9","Hombre","2"
"882","Les alcanza justo, sin grandes dificultades","9","Hombre","3"
"883","Les alcanza bien y pueden ahorrar","9","Hombre","1"
"884","Les alcanza justo, sin grandes dificultades","9","Mujer","1"
"885","Les alcanza justo, sin grandes dificultades","9","Mujer","2"
"886","Les alcanza justo, sin grandes dificultades","9","Hombre","4"
"887","Les alcanza justo, sin grandes dificultades","9","Mujer","3"
"888","Les alcanza justo, sin grandes dificultades","9","Hombre","3"
"889","Les alcanza justo, sin grandes dificultades","9","Mujer","2"
"890","Les alcanza justo, sin grandes dificultades","9","Hombre","3"
"891","No les alcanza y tienen dificultades","9","Mujer","3"
"892","Les alcanza bien y pueden ahorrar","9","Mujer","2"
"893","No les alcanza y tienen dificultades","9","Mujer","3"
"894","Les alcanza justo, sin grandes dificultades","9","Mujer","2"
"895","Les alcanza justo, sin grandes dificultades","9","Mujer","2"
"896","Les alcanza justo, sin grandes dificultades","9","Mujer","1"
"897","Les alcanza justo, sin grandes dificultades","9","Hombre","1"
"898","Les alcanza bien y pueden ahorrar","9","Hombre","1"
"899","Les alcanza justo, sin grandes dificultades","9","Mujer","3"
"900","Les alcanza bien y pueden ahorrar","9","Hombre","1"
"901","Les alcanza justo, sin grandes dificultades","9","Hombre","4"
"902","Les alcanza justo, sin grandes dificultades","9","Mujer","3"
"903","Les alcanza justo, sin grandes dificultades","9","Hombre","3"
"904","Les alcanza bien y pueden ahorrar","9","Mujer","1"
"905","No les alcanza y tienen dificultades","9","Mujer","4"
"906","Les alcanza justo, sin grandes dificultades","9","Mujer","3"
"907","Les alcanza justo, sin grandes dificultades","9","Mujer","1"
"908","Les alcanza justo, sin grandes dificultades","9","Mujer","1"
"909","Les alcanza justo, sin grandes dificultades","9","Hombre","1"
"910","No les alcanza y tienen dificultades","9","Mujer","4"
"911","Les alcanza justo, sin grandes dificultades","9","Hombre","4"
"912","No les alcanza y tienen dificultades","9","Hombre","3"
"913","Les alcanza justo, sin grandes dificultades","9","Mujer","1"
"914","Les alcanza bien y pueden ahorrar","9","Hombre","3"
"915","Les alcanza bien y pueden ahorrar","9","Hombre","1"
"916","Les alcanza justo, sin grandes dificultades","9","Hombre","3"
"917","Les alcanza bien y pueden ahorrar","9","Hombre","3"
"918","Les alcanza bien y pueden ahorrar","9","Mujer","2"
"919","No les alcanza y tienen dificultades","9","Mujer","1"
"920","Les alcanza justo, sin grandes dificultades","9","Hombre","1"
"921","Les alcanza justo, sin grandes dificultades","9","Mujer","3"
"922","Les alcanza justo, sin grandes dificultades","9","Mujer","3"
"923","No les alcanza y tienen grandes dificultades","9","Hombre","2"
"924","Les alcanza justo, sin grandes dificultades","9","Hombre","3"
"925","Les alcanza justo, sin grandes dificultades","9","Mujer","2"
"926","Les alcanza justo, sin grandes dificultades","9","Hombre","3"
"927","Les alcanza justo, sin grandes dificultades","9","Hombre","2"
"928","Les alcanza justo, sin grandes dificultades","9","Hombre","3"
"929","No les alcanza y tienen dificultades","9","Hombre","3"
"930","Les alcanza justo, sin grandes dificultades","9","Hombre","3"
"931","No les alcanza y tienen dificultades","9","Mujer","4"
"932","Les alcanza justo, sin grandes dificultades","9","Mujer","4"
"933","Les alcanza justo, sin grandes dificultades","9","Mujer","3"
"934","Les alcanza justo, sin grandes dificultades","6","Mujer","1"
"935","No les alcanza y tienen dificultades","6","Hombre","3"
"936","Les alcanza justo, sin grandes dificultades","6","Hombre","1"
"937","Les alcanza justo, sin grandes dificultades","6","Mujer","3"
"938","Les alcanza justo, sin grandes dificultades","6","Hombre","4"
"939","Les alcanza justo, sin grandes dificultades","6","Hombre","4"
"940","Les alcanza bien y pueden ahorrar","6","Hombre","4"
"941","Les alcanza justo, sin grandes dificultades","6","Mujer","4"
"942","Les alcanza justo, sin grandes dificultades","6","Hombre","3"
"943","Les alcanza bien y pueden ahorrar","6","Mujer","1"
"944","Les alcanza justo, sin grandes dificultades","6","Mujer","2"
"945","Les alcanza justo, sin grandes dificultades","6","Hombre","3"
"946","Les alcanza justo, sin grandes dificultades","6","Hombre","4"
"947","Les alcanza bien y pueden ahorrar","6","Mujer","4"
"948","Les alcanza justo, sin grandes dificultades","6","Mujer","4"
"949","Les alcanza justo, sin grandes dificultades","6","Hombre","3"
"950","Les alcanza justo, sin grandes dificultades","6","Hombre","4"
"951","Les alcanza justo, sin grandes dificultades","6","Hombre","2"
"952","Les alcanza bien y pueden ahorrar","6","Hombre","3"
"953","No les alcanza y tienen dificultades","6","Hombre","3"
"954","No les alcanza y tienen dificultades","6","Hombre","4"
"955","Les alcanza bien y pueden ahorrar","6","Mujer","4"
"956","No les alcanza y tienen dificultades","6","Hombre","3"
"957","Les alcanza justo, sin grandes dificultades","6","Mujer","4"
"958","No les alcanza y tienen dificultades","6","Mujer","4"
"959","No les alcanza y tienen grandes dificultades","6","Hombre","4"
"960","Les alcanza bien y pueden ahorrar","6","Mujer","4"
"961","No les alcanza y tienen dificultades","6","Mujer","3"
"962","Les alcanza justo, sin grandes dificultades","6","Hombre","3"
"963","Les alcanza justo, sin grandes dificultades","6","Hombre","1"
"964","Les alcanza bien y pueden ahorrar","6","Mujer","4"
"965","Les alcanza bien y pueden ahorrar","6","Hombre","1"
"966","Les alcanza justo, sin grandes dificultades","6","Mujer","4"
"967","Les alcanza bien y pueden ahorrar","6","Mujer","4"
"968","Les alcanza justo, sin grandes dificultades","6","Mujer","2"
"969","Les alcanza bien y pueden ahorrar","6","Mujer","4"
"970","Les alcanza justo, sin grandes dificultades","6","Mujer","4"
"971","Les alcanza justo, sin grandes dificultades","6","Hombre","3"
"972","No les alcanza y tienen dificultades","6","Mujer","4"
"973","Les alcanza justo, sin grandes dificultades","6","Mujer","3"
"974","Les alcanza justo, sin grandes dificultades","6","Mujer","4"
"975","Les alcanza bien y pueden ahorrar","6","Mujer","1"
"976","No les alcanza y tienen dificultades","6","Mujer","4"
"977","Les alcanza justo, sin grandes dificultades","6","Hombre","4"
"978","Les alcanza justo, sin grandes dificultades","6","Mujer","3"
"979","Les alcanza bien y pueden ahorrar","2","Mujer","3"
"980","No les alcanza y tienen dificultades","2","Mujer","4"
"981","No les alcanza y tienen dificultades","2","Hombre","4"
"982","No les alcanza y tienen dificultades","2","Hombre","4"
"983","Les alcanza justo, sin grandes dificultades","2","Hombre","2"
"984","Les alcanza justo, sin grandes dificultades","2","Hombre","4"
"985","No les alcanza y tienen dificultades","2","Hombre","4"
"986","No les alcanza y tienen dificultades","2","Mujer","2"
"987","No les alcanza y tienen grandes dificultades","2","Mujer","4"
"988","No les alcanza y tienen grandes dificultades","2","Mujer","3"
"989","No les alcanza y tienen dificultades","2","Mujer","2"
"990","No les alcanza y tienen dificultades","2","Hombre","3"
"991","Les alcanza justo, sin grandes dificultades","2","Hombre","3"
"992","Les alcanza justo, sin grandes dificultades","2","Mujer","2"
"993","No les alcanza y tienen dificultades","2","Mujer","2"
"994","Les alcanza justo, sin grandes dificultades","2","Mujer","3"
"995","Les alcanza justo, sin grandes dificultades","2","Hombre","2"
"996","No les alcanza y tienen dificultades","2","Mujer","2"
"997","Les alcanza justo, sin grandes dificultades","2","Mujer","3"
"998","No les alcanza y tienen dificultades","2","Hombre","2"
"999","Les alcanza justo, sin grandes dificultades","2","Mujer","3"
"1000","No les alcanza y tienen dificultades","2","Mujer","2"
"1001","No les alcanza y tienen grandes dificultades","2","Hombre","1"
"1002","No les alcanza y tienen grandes dificultades","2","Hombre","4"
"1003","No les alcanza y tienen dificultades","2","Mujer","2"
"1004","No les alcanza y tienen dificultades","2","Mujer","3"
"1005","No les alcanza y tienen dificultades","2","Hombre","3"
"1006","Les alcanza bien y pueden ahorrar","2","Hombre","4"
"1007","No les alcanza y tienen grandes dificultades","2","Mujer","3"
"1008","Les alcanza justo, sin grandes dificultades","2","Mujer","1"
"1009","Les alcanza justo, sin grandes dificultades","2","Hombre","3"
"1010","Les alcanza bien y pueden ahorrar","2","Hombre","1"
"1011","No les alcanza y tienen grandes dificultades","2","Hombre","3"
"1012","No les alcanza y tienen grandes dificultades","2","Mujer","4"
"1013","Les alcanza justo, sin grandes dificultades","2","Hombre","1"
"1014","Les alcanza justo, sin grandes dificultades","2","Mujer","1"
"1015","No les alcanza y tienen dificultades","2","Mujer","3"
"1016","Les alcanza justo, sin grandes dificultades","2","Mujer","1"
"1017","Les alcanza justo, sin grandes dificultades","2","Mujer","3"
"1018","Les alcanza justo, sin grandes dificultades","2","Mujer","1"
"1019","Les alcanza justo, sin grandes dificultades","2","Hombre","3"
"1020","No les alcanza y tienen dificultades","2","Mujer","3"
"1021","Les alcanza justo, sin grandes dificultades","2","Mujer","2"
"1022","Les alcanza justo, sin grandes dificultades","2","Mujer","1"
"1023","Les alcanza bien y pueden ahorrar","2","Hombre","1"
"1024","Les alcanza justo, sin grandes dificultades","2","Mujer","3"
"1025","Les alcanza bien y pueden ahorrar","2","Mujer","4"
"1026","Les alcanza justo, sin grandes dificultades","2","Mujer","1"
"1027","Les alcanza justo, sin grandes dificultades","2","Hombre","2"
"1028","Les alcanza justo, sin grandes dificultades","2","Hombre","2"
"1029","Les alcanza justo, sin grandes dificultades","2","Mujer","3"
"1030","Les alcanza justo, sin grandes dificultades","2","Mujer","2"
"1031","No les alcanza y tienen dificultades","2","Hombre","1"
"1032","Les alcanza justo, sin grandes dificultades","2","Hombre","2"
"1033","Les alcanza justo, sin grandes dificultades","2","Mujer","2"
"1034","Les alcanza justo, sin grandes dificultades","2","Mujer","2"
"1035","Les alcanza justo, sin grandes dificultades","2","Mujer","3"
"1036","Les alcanza justo, sin grandes dificultades","2","Hombre","4"
"1037","No les alcanza y tienen dificultades","2","Hombre","3"
"1038","Les alcanza bien y pueden ahorrar","7","Mujer","4"
"1039","No les alcanza y tienen dificultades","7","Mujer","4"
"1040","Les alcanza justo, sin grandes dificultades","7","Mujer","4"
"1041","Les alcanza justo, sin grandes dificultades","7","Mujer","1"
"1042","Les alcanza justo, sin grandes dificultades","7","Mujer","3"
"1043","Les alcanza justo, sin grandes dificultades","7","Mujer","3"
"1044","Les alcanza justo, sin grandes dificultades","7","Hombre","3"
"1045","Les alcanza bien y pueden ahorrar","7","Mujer","2"
"1046","No les alcanza y tienen dificultades","7","Mujer","3"
"1047","Les alcanza justo, sin grandes dificultades","7","Mujer","4"
"1048","Les alcanza justo, sin grandes dificultades","7","Mujer","1"
"1049","Les alcanza justo, sin grandes dificultades","7","Mujer","4"
"1050","No les alcanza y tienen dificultades","7","Mujer","4"
"1051","Les alcanza bien y pueden ahorrar","7","Mujer","4"
"1052","No les alcanza y tienen grandes dificultades","7","Mujer","3"
"1053","Les alcanza bien y pueden ahorrar","7","Hombre","1"
"1054","Les alcanza justo, sin grandes dificultades","7","Hombre","4"
"1055","Les alcanza justo, sin grandes dificultades","7","Mujer","1"
"1056","Les alcanza justo, sin grandes dificultades","7","Hombre","1"
"1057","Les alcanza justo, sin grandes dificultades","7","Hombre","2"
"1058","No les alcanza y tienen dificultades","7","Mujer","3"
"1059","Les alcanza justo, sin grandes dificultades","7","Mujer","2"
"1060","Les alcanza justo, sin grandes dificultades","7","Mujer","4"
"1061","Les alcanza justo, sin grandes dificultades","7","Mujer","3"
"1062","Les alcanza justo, sin grandes dificultades","7","Hombre","2"
"1063","No les alcanza y tienen dificultades","7","Hombre","2"
"1064","Les alcanza justo, sin grandes dificultades","7","Mujer","2"
"1065","No les alcanza y tienen grandes dificultades","7","Mujer","3"
"1066","No les alcanza y tienen dificultades","7","Hombre","3"
"1067","Les alcanza justo, sin grandes dificultades","7","Mujer","3"
"1068","Les alcanza bien y pueden ahorrar","7","Mujer","3"
"1069","Les alcanza justo, sin grandes dificultades","7","Mujer","2"
"1070","Les alcanza justo, sin grandes dificultades","7","Hombre","3"
"1071","Les alcanza justo, sin grandes dificultades","7","Mujer","3"
"1072","Les alcanza justo, sin grandes dificultades","7","Mujer","3"
"1073","No les alcanza y tienen dificultades","7","Mujer","3"
"1074","Les alcanza justo, sin grandes dificultades","7","Mujer","4"
"1075","No les alcanza y tienen dificultades","7","Mujer","4"
"1076","No les alcanza y tienen dificultades","7","Mujer","3"
"1077","Les alcanza justo, sin grandes dificultades","7","Mujer","3"
"1078","Les alcanza justo, sin grandes dificultades","7","Hombre","3"
"1079","Les alcanza justo, sin grandes dificultades","7","Hombre","4"
"1080","Les alcanza justo, sin grandes dificultades","7","Hombre","4"
"1081","Les alcanza justo, sin grandes dificultades","7","Hombre","2"
"1082","Les alcanza justo, sin grandes dificultades","7","Hombre","3"
"1083","Les alcanza justo, sin grandes dificultades","7","Mujer","2"
"1084","Les alcanza justo, sin grandes dificultades","7","Hombre","4"
"1085","Les alcanza justo, sin grandes dificultades","7","Mujer","4"
"1086","No les alcanza y tienen dificultades","7","Hombre","2"
"1087","Les alcanza justo, sin grandes dificultades","7","Hombre","4"
"1088","No les alcanza y tienen dificultades","2","Hombre","2"
"1089","Les alcanza justo, sin grandes dificultades","2","Mujer","3"
"1090","Les alcanza bien y pueden ahorrar","2","Mujer","1"
"1091","Les alcanza bien y pueden ahorrar","2","Hombre","3"
"1092","No les alcanza y tienen dificultades","2","Mujer","3"
"1093","Les alcanza justo, sin grandes dificultades","2","Mujer","2"
"1094","Les alcanza justo, sin grandes dificultades","2","Mujer","1"
"1095","Les alcanza justo, sin grandes dificultades","2","Mujer","1"
"1096","Les alcanza justo, sin grandes dificultades","2","Mujer","1"
"1097","Les alcanza justo, sin grandes dificultades","2","Mujer","3"
"1098","Les alcanza justo, sin grandes dificultades","2","Mujer","1"
"1099","Les alcanza bien y pueden ahorrar","2","Hombre","2"
"1100","Les alcanza justo, sin grandes dificultades","2","Hombre","1"
"1101","Les alcanza justo, sin grandes dificultades","2","Hombre","1"
"1102","Les alcanza justo, sin grandes dificultades","2","Mujer","1"
"1103","Les alcanza justo, sin grandes dificultades","2","Hombre","3"
"1104","Les alcanza justo, sin grandes dificultades","2","Hombre","3"
"1105","Les alcanza justo, sin grandes dificultades","2","Mujer","3"
"1106","Les alcanza justo, sin grandes dificultades","2","Mujer","3"
"1107","Les alcanza bien y pueden ahorrar","2","Mujer","3"
"1108","Les alcanza justo, sin grandes dificultades","2","Mujer","3"
"1109","Les alcanza justo, sin grandes dificultades","2","Mujer","3"
"1110","Les alcanza justo, sin grandes dificultades","2","Mujer","1"
"1111","No les alcanza y tienen dificultades","2","Mujer","3"
"1112","No les alcanza y tienen dificultades","2","Mujer","3"
"1113","Les alcanza justo, sin grandes dificultades","2","Mujer","3"
"1114","Les alcanza justo, sin grandes dificultades","2","Mujer","2"
"1115","Les alcanza justo, sin grandes dificultades","2","Mujer","2"
"1116","No les alcanza y tienen dificultades","2","Mujer","3"
"1117","No les alcanza y tienen grandes dificultades","2","Mujer","4"
"1118","No les alcanza y tienen dificultades","2","Mujer","3"
"1119","Les alcanza justo, sin grandes dificultades","2","Mujer","2"
"1120","No les alcanza y tienen dificultades","2","Hombre","3"
"1121","Les alcanza justo, sin grandes dificultades","2","Hombre","3"
"1122","Les alcanza justo, sin grandes dificultades","2","Mujer","2"
"1123","Les alcanza justo, sin grandes dificultades","2","Mujer","1"
"1124","Les alcanza bien y pueden ahorrar","2","Hombre","1"
"1125","Les alcanza justo, sin grandes dificultades","2","Hombre","1"
"1126","Les alcanza justo, sin grandes dificultades","2","Mujer","3"
"1127","No les alcanza y tienen dificultades","2","Mujer","3"
"1128","Les alcanza justo, sin grandes dificultades","2","Hombre","3"
"1129","Les alcanza justo, sin grandes dificultades","2","Mujer","3"
"1130","Les alcanza justo, sin grandes dificultades","2","Hombre","2"
"1131","Les alcanza justo, sin grandes dificultades","2","Mujer","1"
"1132","No les alcanza y tienen dificultades","2","Hombre","1"
"1133","Les alcanza justo, sin grandes dificultades","2","Hombre","2"
"1134","No les alcanza y tienen grandes dificultades","2","Hombre","3"
"1135","Les alcanza bien y pueden ahorrar","2","Mujer","2"
"1136","Les alcanza justo, sin grandes dificultades","2","Hombre","4"
"1137","Les alcanza justo, sin grandes dificultades","8","Mujer","1"
"1138","Les alcanza justo, sin grandes dificultades","8","Mujer","3"
"1139","Les alcanza justo, sin grandes dificultades","8","Hombre","2"
"1140","No les alcanza y tienen dificultades","8","Hombre","2"
"1141","Les alcanza bien y pueden ahorrar","5","Hombre","3"
"1142","Les alcanza justo, sin grandes dificultades","5","Mujer","3"
"1143","Les alcanza justo, sin grandes dificultades","5","Hombre","1"
"1144","Les alcanza justo, sin grandes dificultades","5","Mujer","1"
"1145","No les alcanza y tienen dificultades","5","Hombre","2"
"1146","Les alcanza bien y pueden ahorrar","9","Mujer","3"
"1147","Les alcanza justo, sin grandes dificultades","9","Mujer","4"
"1148","No les alcanza y tienen dificultades","9","Mujer","1"
"1149","Les alcanza bien y pueden ahorrar","9","Hombre","1"
"1150","No les alcanza y tienen dificultades","9","Mujer","3"
"1151","No les alcanza y tienen dificultades","9","Hombre","3"
"1152","No les alcanza y tienen dificultades","9","Hombre","4"
"1153","No les alcanza y tienen dificultades","9","Mujer","3"
"1154","Les alcanza bien y pueden ahorrar","9","Mujer","2"
"1155","Les alcanza justo, sin grandes dificultades","9","Hombre","2"
"1156","Les alcanza justo, sin grandes dificultades","9","Mujer","3"
"1157","No les alcanza y tienen dificultades","9","Hombre","4"
"1158","Les alcanza justo, sin grandes dificultades","9","Mujer","4"
"1159","Les alcanza justo, sin grandes dificultades","9","Mujer","3"
"1160","Les alcanza justo, sin grandes dificultades","9","Hombre","4"
"1161","Les alcanza justo, sin grandes dificultades","9","Mujer","1"
"1162","Les alcanza bien y pueden ahorrar","9","Mujer","3"
"1163","No les alcanza y tienen dificultades","9","Mujer","3"
"1164","Les alcanza justo, sin grandes dificultades","9","Hombre","1"
"1165","Les alcanza justo, sin grandes dificultades","9","Hombre","2"
"1166","Les alcanza justo, sin grandes dificultades","9","Hombre","4"
"1167","Les alcanza justo, sin grandes dificultades","9","Hombre","1"
"1168","Les alcanza justo, sin grandes dificultades","9","Hombre","2"
"1169","Les alcanza justo, sin grandes dificultades","9","Hombre","3"
"1170","No les alcanza y tienen dificultades","9","Hombre","3"
"1171","Les alcanza justo, sin grandes dificultades","9","Mujer","2"
"1172","Les alcanza justo, sin grandes dificultades","9","Mujer","3"
"1173","Les alcanza justo, sin grandes dificultades","9","Hombre","2"
"1174","Les alcanza justo, sin grandes dificultades","9","Mujer","3"
"1175","Les alcanza justo, sin grandes dificultades","9","Hombre","4"
"1176","No les alcanza y tienen grandes dificultades","9","Mujer","3"
"1177","Les alcanza justo, sin grandes dificultades","9","Mujer","3"
"1178","No les alcanza y tienen dificultades","9","Hombre","3"
"1179","Les alcanza justo, sin grandes dificultades","9","Mujer","1"
"1180","No les alcanza y tienen dificultades","9","Mujer","3"
"1181","Les alcanza justo, sin grandes dificultades","9","Mujer","3"
"1182","Les alcanza bien y pueden ahorrar","9","Mujer","1"
"1183","Les alcanza justo, sin grandes dificultades","9","Mujer","1"
"1184","Les alcanza justo, sin grandes dificultades","9","Mujer","2"
"1185","Les alcanza justo, sin grandes dificultades","9","Hombre","1"
"1186","Les alcanza justo, sin grandes dificultades","9","Hombre","1"
"1187","No les alcanza y tienen dificultades","9","Mujer","2"
"1188","Les alcanza justo, sin grandes dificultades","9","Mujer","1"
"1189","Les alcanza justo, sin grandes dificultades","9","Mujer","1"
"1190","Les alcanza justo, sin grandes dificultades","9","Mujer","3"
"1191","Les alcanza justo, sin grandes dificultades","9","Mujer","3"
"1192","Les alcanza justo, sin grandes dificultades","9","Mujer","4"
"1193","Les alcanza bien y pueden ahorrar","7","Hombre","4"
"1194","Les alcanza bien y pueden ahorrar","7","Mujer","4"
"1195","Les alcanza justo, sin grandes dificultades","7","Hombre","4"
"1196","Les alcanza justo, sin grandes dificultades","7","Mujer","1"
"1197","Les alcanza justo, sin grandes dificultades","7","Mujer","2"
"1198","Les alcanza justo, sin grandes dificultades","7","Mujer","4"
"1199","Les alcanza justo, sin grandes dificultades","7","Mujer","1"
"1200","Les alcanza justo, sin grandes dificultades","7","Hombre","2"
"1201","No les alcanza y tienen dificultades","7","Hombre","3"
"1202","Les alcanza justo, sin grandes dificultades","7","Mujer","4"
"1203","Les alcanza justo, sin grandes dificultades","7","Hombre","4"
"1204","No les alcanza y tienen dificultades","7","Mujer","3"
"1205","Les alcanza justo, sin grandes dificultades","7","Mujer","3"
"1206","Les alcanza justo, sin grandes dificultades","7","Mujer","3"
"1207","Les alcanza justo, sin grandes dificultades","7","Mujer","3"
"1208","Les alcanza justo, sin grandes dificultades","9","Mujer","1"
"1209","Les alcanza bien y pueden ahorrar","9","Mujer","4"
"1210","Les alcanza justo, sin grandes dificultades","9","Mujer","3"
"1211","Les alcanza justo, sin grandes dificultades","9","Mujer","3"
"1212","Les alcanza justo, sin grandes dificultades","9","Mujer","4"
"1213","Les alcanza justo, sin grandes dificultades","9","Mujer","2"
"1214","No les alcanza y tienen dificultades","9","Hombre","3"
"1215","Les alcanza justo, sin grandes dificultades","9","Mujer","4"
"1216","Les alcanza justo, sin grandes dificultades","9","Hombre","3"
"1217","No les alcanza y tienen dificultades","9","Mujer","3"
"1218","Les alcanza bien y pueden ahorrar","9","Mujer","1"
"1219","Les alcanza bien y pueden ahorrar","9","Hombre","4"
"1220","Les alcanza bien y pueden ahorrar","9","Hombre","3"
"1221","Les alcanza bien y pueden ahorrar","9","Hombre","2"
"1222","Les alcanza justo, sin grandes dificultades","9","Hombre","2"
"1223","No les alcanza y tienen dificultades","9","Hombre","4"
"1224","Les alcanza justo, sin grandes dificultades","9","Mujer","2"
"1225","Les alcanza justo, sin grandes dificultades","9","Mujer","4"
"1226","Les alcanza justo, sin grandes dificultades","9","Hombre","2"
"1227","Les alcanza justo, sin grandes dificultades","9","Hombre","3"
"1228","Les alcanza justo, sin grandes dificultades","9","Mujer","4"
"1229","Les alcanza justo, sin grandes dificultades","9","Mujer","3"
"1230","Les alcanza bien y pueden ahorrar","9","Hombre","2"
"1231","Les alcanza bien y pueden ahorrar","9","Hombre","2"
"1232","Les alcanza justo, sin grandes dificultades","9","Hombre","3"
"1233","Les alcanza justo, sin grandes dificultades","5","Mujer","4"
"1234","Les alcanza justo, sin grandes dificultades","5","Mujer","1"
"1235","No les alcanza y tienen dificultades","5","Mujer","3"
"1236","Les alcanza bien y pueden ahorrar","5","Hombre","1"
"1237","Les alcanza justo, sin grandes dificultades","5","Hombre","3"
"1238","Les alcanza justo, sin grandes dificultades","5","Hombre","2"
"1239","Les alcanza justo, sin grandes dificultades","5","Hombre","4"
"1240","Les alcanza justo, sin grandes dificultades","5","Hombre","1"
"1241","No les alcanza y tienen dificultades","5","Mujer","2"
"1242","Les alcanza justo, sin grandes dificultades","5","Mujer","1"
"1243","Les alcanza justo, sin grandes dificultades","5","Mujer","3"
"1244","Les alcanza bien y pueden ahorrar","5","Hombre","3"
"1245","Les alcanza justo, sin grandes dificultades","5","Hombre","2"
"1246","Les alcanza justo, sin grandes dificultades","5","Mujer","2"
"1247","Les alcanza bien y pueden ahorrar","5","Mujer","4"
"1248","Les alcanza justo, sin grandes dificultades","5","Mujer","1"
"1249","Les alcanza bien y pueden ahorrar","5","Mujer","1"
"1250","Les alcanza justo, sin grandes dificultades","5","Hombre","3"
"1251","Les alcanza bien y pueden ahorrar","5","Mujer","3"
"1252","Les alcanza bien y pueden ahorrar","5","Mujer","1"
"1253","No les alcanza y tienen dificultades","5","Mujer","2"
"1254","Les alcanza justo, sin grandes dificultades","5","Hombre","4"
"1255","No les alcanza y tienen dificultades","5","Hombre","2"
"1256","Les alcanza justo, sin grandes dificultades","5","Mujer","4"
"1257","Les alcanza justo, sin grandes dificultades","5","Hombre","2"
"1258","Les alcanza justo, sin grandes dificultades","5","Mujer","1"
"1259","No les alcanza y tienen dificultades","5","Hombre","4"
"1260","Les alcanza justo, sin grandes dificultades","5","Mujer","3"
"1261","Les alcanza justo, sin grandes dificultades","5","Mujer","3"
"1262","Les alcanza justo, sin grandes dificultades","5","Mujer","3"
"1263","Les alcanza justo, sin grandes dificultades","5","Hombre","2"
"1264","Les alcanza justo, sin grandes dificultades","5","Mujer","4"
"1265","Les alcanza justo, sin grandes dificultades","5","Hombre","4"
"1266","Les alcanza justo, sin grandes dificultades","5","Hombre","4"
"1267","Les alcanza bien y pueden ahorrar","5","Mujer","2"
"1268","Les alcanza justo, sin grandes dificultades","5","Mujer","3"
"1269","Les alcanza justo, sin grandes dificultades","5","Hombre","3"
"1270","Les alcanza justo, sin grandes dificultades","5","Hombre","4"
"1271","Les alcanza justo, sin grandes dificultades","5","Mujer","1"
"1272","Les alcanza justo, sin grandes dificultades","5","Hombre","1"
"1273","Les alcanza justo, sin grandes dificultades","5","Hombre","4"
"1274","Les alcanza justo, sin grandes dificultades","5","Hombre","4"
"1275","Les alcanza justo, sin grandes dificultades","5","Hombre","3"
"1276","Les alcanza justo, sin grandes dificultades","5","Mujer","2"
"1277","Les alcanza justo, sin grandes dificultades","5","Mujer","4"
"1278","Les alcanza justo, sin grandes dificultades","5","Mujer","2"
"1279","Les alcanza justo, sin grandes dificultades","5","Hombre","1"
"1280","No les alcanza y tienen dificultades","5","Mujer","3"
"1281","Les alcanza justo, sin grandes dificultades","5","Hombre","1"
"1282","Les alcanza justo, sin grandes dificultades","5","Mujer","4"
"1283","Les alcanza justo, sin grandes dificultades","5","Mujer","2"
"1284","No les alcanza y tienen dificultades","5","Hombre","2"
"1285","No les alcanza y tienen dificultades","5","Mujer","3"
"1286","No les alcanza y tienen dificultades","5","Hombre","2"
"1287","No les alcanza y tienen dificultades","5","Hombre","3"
"1288","Les alcanza justo, sin grandes dificultades","5","Mujer","3"
"1289","Les alcanza justo, sin grandes dificultades","5","Mujer","2"
"1290","Les alcanza justo, sin grandes dificultades","5","Mujer","4"
"1291","Les alcanza justo, sin grandes dificultades","5","Mujer","3"
"1292","Les alcanza justo, sin grandes dificultades","5","Hombre","4"
"1293","Les alcanza justo, sin grandes dificultades","5","Hombre","4"
"1294","Les alcanza bien y pueden ahorrar","5","Hombre","4"
"1295","No les alcanza y tienen dificultades","5","Hombre","4"
"1296","Les alcanza bien y pueden ahorrar","5","Hombre","2"
"1297","Les alcanza bien y pueden ahorrar","5","Mujer","4"
"1298","Les alcanza justo, sin grandes dificultades","5","Hombre","3"
"1299","Les alcanza justo, sin grandes dificultades","5","Hombre","3"
"1300","Les alcanza justo, sin grandes dificultades","5","Mujer","1"
"1301","Les alcanza justo, sin grandes dificultades","4","Hombre","4"
"1302","No les alcanza y tienen dificultades","4","Hombre","3"
"1303","Les alcanza justo, sin grandes dificultades","4","Mujer","4"
"1304","Les alcanza justo, sin grandes dificultades","4","Mujer","4"
"1305","No les alcanza y tienen dificultades","4","Mujer","4"
"1306","No les alcanza y tienen dificultades","4","Mujer","4"
"1307","Les alcanza justo, sin grandes dificultades","4","Hombre","4"
"1308","Les alcanza justo, sin grandes dificultades","4","Mujer","2"
"1309","Les alcanza justo, sin grandes dificultades","4","Mujer","2"
"1310","No les alcanza y tienen dificultades","4","Mujer","3"
"1311","Les alcanza justo, sin grandes dificultades","4","Mujer","4"
"1312","Les alcanza justo, sin grandes dificultades","4","Hombre","4"
"1313","Les alcanza justo, sin grandes dificultades","4","Hombre","4"
"1314","Les alcanza justo, sin grandes dificultades","4","Mujer","4"
"1315","Les alcanza justo, sin grandes dificultades","4","Hombre","4"
"1316","Les alcanza bien y pueden ahorrar","4","Hombre","4"
"1317","No les alcanza y tienen grandes dificultades","4","Hombre","4"
"1318","Les alcanza justo, sin grandes dificultades","4","Mujer","3"
"1319","Les alcanza justo, sin grandes dificultades","4","Mujer","2"
"1320","No les alcanza y tienen grandes dificultades","4","Mujer","2"
"1321","Les alcanza justo, sin grandes dificultades","5","Hombre","4"
"1322","Les alcanza justo, sin grandes dificultades","5","Hombre","2"
"1323","Les alcanza justo, sin grandes dificultades","5","Hombre","4"
"1324","Les alcanza justo, sin grandes dificultades","5","Hombre","2"
"1325","Les alcanza justo, sin grandes dificultades","5","Hombre","4"
"1326","Les alcanza justo, sin grandes dificultades","5","Mujer","2"
"1327","Les alcanza justo, sin grandes dificultades","5","Hombre","2"
"1328","Les alcanza bien y pueden ahorrar","5","Mujer","4"
"1329","Les alcanza justo, sin grandes dificultades","5","Mujer","4"
"1330","Les alcanza justo, sin grandes dificultades","5","Hombre","4"
"1331","Les alcanza justo, sin grandes dificultades","5","Mujer","3"
"1332","Les alcanza justo, sin grandes dificultades","5","Hombre","2"
"1333","Les alcanza justo, sin grandes dificultades","5","Mujer","4"
"1334","Les alcanza justo, sin grandes dificultades","5","Hombre","4"
"1335","Les alcanza justo, sin grandes dificultades","5","Hombre","2"
"1336","Les alcanza justo, sin grandes dificultades","5","Hombre","3"
"1337","Les alcanza bien y pueden ahorrar","5","Hombre","3"
"1338","No les alcanza y tienen grandes dificultades","5","Hombre","4"
"1339","No les alcanza y tienen dificultades","5","Hombre","1"
"1340","Les alcanza bien y pueden ahorrar","5","Mujer","4"
"1341","Les alcanza bien y pueden ahorrar","5","Hombre","4"
"1342","No les alcanza y tienen dificultades","5","Hombre","3"
"1343","No les alcanza y tienen dificultades","5","Hombre","4"
"1344","Les alcanza justo, sin grandes dificultades","5","Hombre","4"
"1345","Les alcanza bien y pueden ahorrar","5","Mujer","1"
"1346","Les alcanza justo, sin grandes dificultades","5","Mujer","2"
"1347","Les alcanza bien y pueden ahorrar","5","Hombre","1"
"1348","No les alcanza y tienen dificultades","5","Hombre","4"
"1349","Les alcanza justo, sin grandes dificultades","5","Mujer","3"
"1350","Les alcanza justo, sin grandes dificultades","5","Mujer","1"
"1351","Les alcanza justo, sin grandes dificultades","5","Mujer","4"
"1352","Les alcanza justo, sin grandes dificultades","5","Mujer","2"
"1353","No les alcanza y tienen dificultades","5","Hombre","2"
"1354","Les alcanza bien y pueden ahorrar","5","Hombre","4"
"1355","Les alcanza justo, sin grandes dificultades","5","Hombre","2"
"1356","No les alcanza y tienen dificultades","5","Mujer","4"
"1357","Les alcanza justo, sin grandes dificultades","5","Mujer","2"
"1358","Les alcanza justo, sin grandes dificultades","5","Mujer","3"
"1359","No les alcanza y tienen dificultades","5","Hombre","2"
"1360","Les alcanza bien y pueden ahorrar","5","Mujer","4"
"1361","Les alcanza bien y pueden ahorrar","5","Hombre","4"
"1362","Les alcanza justo, sin grandes dificultades","4","Mujer","4"
"1363","Les alcanza justo, sin grandes dificultades","4","Mujer","1"
"1364","Les alcanza bien y pueden ahorrar","4","Mujer","4"
"1365","Les alcanza justo, sin grandes dificultades","4","Mujer","4"
"1366","Les alcanza justo, sin grandes dificultades","4","Hombre","2"
"1367","Les alcanza justo, sin grandes dificultades","4","Hombre","2"
"1368","No les alcanza y tienen dificultades","4","Hombre","4"
"1369","Les alcanza justo, sin grandes dificultades","4","Hombre","2"
"1370","Les alcanza justo, sin grandes dificultades","4","Mujer","4"
"1371","Les alcanza justo, sin grandes dificultades","4","Mujer","4"
"1372","Les alcanza justo, sin grandes dificultades","4","Hombre","3"
"1373","Les alcanza bien y pueden ahorrar","4","Mujer","2"
"1374","No les alcanza y tienen dificultades","4","Hombre","3"
"1375","No les alcanza y tienen dificultades","4","Hombre","2"
"1376","Les alcanza bien y pueden ahorrar","4","Mujer","1"
"1377","Les alcanza justo, sin grandes dificultades","4","Hombre","2"
"1378","Les alcanza justo, sin grandes dificultades","4","Mujer","4"
"1379","Les alcanza justo, sin grandes dificultades","4","Mujer","4"
"1380","Les alcanza justo, sin grandes dificultades","4","Hombre","3"
"1381","Les alcanza justo, sin grandes dificultades","4","Hombre","1"
"1382","Les alcanza bien y pueden ahorrar","4","Hombre","1"
"1383","Les alcanza justo, sin grandes dificultades","4","Mujer","3"
"1384","Les alcanza justo, sin grandes dificultades","4","Mujer","1"
"1385","Les alcanza justo, sin grandes dificultades","4","Mujer","4"
"1386","No les alcanza y tienen dificultades","4","Mujer","4"
"1387","Les alcanza justo, sin grandes dificultades","4","Mujer","4"
"1388","Les alcanza justo, sin grandes dificultades","4","Hombre","4"
"1389","Les alcanza justo, sin grandes dificultades","4","Mujer","3"
"1390","Les alcanza justo, sin grandes dificultades","4","Mujer","3"
"1391","No les alcanza y tienen dificultades","4","Mujer","4"
"1392","No les alcanza y tienen dificultades","4","Mujer","3"
"1393","Les alcanza justo, sin grandes dificultades","4","Mujer","3"
"1394","Les alcanza bien y pueden ahorrar","4","Mujer","4"
"1395","Les alcanza bien y pueden ahorrar","4","Mujer","4"
"1396","Les alcanza justo, sin grandes dificultades","4","Hombre","2"
"1397","Les alcanza justo, sin grandes dificultades","4","Mujer","2"
"1398","No les alcanza y tienen dificultades","4","Hombre","1"
"1399","Les alcanza justo, sin grandes dificultades","4","Hombre","2"
"1400","Les alcanza justo, sin grandes dificultades","4","Mujer","4"
"1401","Les alcanza justo, sin grandes dificultades","4","Mujer","4"
"1402","Les alcanza justo, sin grandes dificultades","4","Hombre","2"
"1403","Les alcanza bien y pueden ahorrar","4","Mujer","2"
"1404","Les alcanza justo, sin grandes dificultades","4","Mujer","4"
"1405","No les alcanza y tienen grandes dificultades","4","Hombre","3"
"1406","Les alcanza justo, sin grandes dificultades","4","Mujer","3"
"1407","Les alcanza justo, sin grandes dificultades","4","Mujer","2"
"1408","Les alcanza justo, sin grandes dificultades","4","Hombre","3"
"1409","Les alcanza justo, sin grandes dificultades","4","Mujer","2"
"1410","Les alcanza bien y pueden ahorrar","4","Hombre","3"
"1411","Les alcanza justo, sin grandes dificultades","4","Hombre","2"
"1412","No les alcanza y tienen dificultades","4","Hombre","2"
"1413","Les alcanza justo, sin grandes dificultades","4","Mujer","3"
"1414","Les alcanza justo, sin grandes dificultades","4","Hombre","4"
"1415","Les alcanza justo, sin grandes dificultades","4","Hombre","2"
"1416","No les alcanza y tienen dificultades","4","Mujer","2"
"1417","Les alcanza bien y pueden ahorrar","4","Mujer","4"
"1418","Les alcanza justo, sin grandes dificultades","4","Mujer","4"
"1419","Les alcanza justo, sin grandes dificultades","4","Hombre","2"
"1420","No les alcanza y tienen grandes dificultades","4","Mujer","1"
"1421","No les alcanza y tienen dificultades","4","Mujer","3"
"1422","Les alcanza justo, sin grandes dificultades","4","Hombre","1"
"1423","No les alcanza y tienen dificultades","4","Hombre","2"
"1424","Les alcanza bien y pueden ahorrar","4","Mujer","4"
"1425","Les alcanza justo, sin grandes dificultades","4","Hombre","2"
"1426","Les alcanza bien y pueden ahorrar","4","Mujer","2"
"1427","Les alcanza justo, sin grandes dificultades","4","Mujer","4"
"1428","No les alcanza y tienen dificultades","4","Mujer","2"
"1429","No les alcanza y tienen dificultades","4","Mujer","3"
"1430","Les alcanza justo, sin grandes dificultades","4","Mujer","1"
"1431","Les alcanza justo, sin grandes dificultades","4","Hombre","3"
"1432","Les alcanza justo, sin grandes dificultades","4","Mujer","1"
"1433","Les alcanza justo, sin grandes dificultades","4","Hombre","4"
"1434","Les alcanza justo, sin grandes dificultades","4","Mujer","3"
"1435","Les alcanza bien y pueden ahorrar","4","Hombre","1"
"1436","Les alcanza justo, sin grandes dificultades","4","Hombre","3"
"1437","Les alcanza justo, sin grandes dificultades","4","Mujer","3"
"1438","Les alcanza justo, sin grandes dificultades","4","Mujer","4"
"1439","No les alcanza y tienen dificultades","4","Mujer","3"
"1440","Les alcanza justo, sin grandes dificultades","4","Mujer","3"
"1441","Les alcanza justo, sin grandes dificultades","4","Mujer","2"
"1442","No les alcanza y tienen dificultades","4","Hombre","4"
"1443","Les alcanza justo, sin grandes dificultades","4","Hombre","3"
"1444","Les alcanza justo, sin grandes dificultades","4","Mujer","4"
"1445","Les alcanza bien y pueden ahorrar","4","Hombre","4"
"1446","Les alcanza justo, sin grandes dificultades","4","Hombre","4"
"1447","No les alcanza y tienen dificultades","4","Hombre","4"
"1448","Les alcanza justo, sin grandes dificultades","4","Hombre","4"
"1449","Les alcanza justo, sin grandes dificultades","4","Mujer","4"
"1450","Les alcanza justo, sin grandes dificultades","4","Mujer","3"
"1451","No les alcanza y tienen dificultades","4","Mujer","3"
"1452","Les alcanza justo, sin grandes dificultades","5","Hombre","4"
"1453","Les alcanza justo, sin grandes dificultades","5","Hombre","3"
"1454","No les alcanza y tienen dificultades","5","Hombre","2"
"1455","Les alcanza bien y pueden ahorrar","5","Hombre","3"
"1456","Les alcanza justo, sin grandes dificultades","5","Hombre","4"
"1457","Les alcanza justo, sin grandes dificultades","5","Hombre","3"
"1458","Les alcanza justo, sin grandes dificultades","5","Mujer","1"
"1459","Les alcanza justo, sin grandes dificultades","5","Hombre","2"
"1460","Les alcanza justo, sin grandes dificultades","5","Hombre","3"
"1461","Les alcanza justo, sin grandes dificultades","5","Hombre","4"
"1462","Les alcanza justo, sin grandes dificultades","5","Mujer","1"
"1463","Les alcanza justo, sin grandes dificultades","5","Hombre","1"
"1464","No les alcanza y tienen dificultades","5","Mujer","2"
"1465","Les alcanza justo, sin grandes dificultades","5","Mujer","2"
"1466","Les alcanza justo, sin grandes dificultades","5","Hombre","2"
"1467","Les alcanza justo, sin grandes dificultades","5","Mujer","2"
"1468","Les alcanza justo, sin grandes dificultades","5","Hombre","3"
"1469","Les alcanza justo, sin grandes dificultades","5","Hombre","1"
"1470","No les alcanza y tienen grandes dificultades","5","Hombre","4"
"1471","No les alcanza y tienen dificultades","5","Hombre","4"
"1472","No les alcanza y tienen grandes dificultades","5","Hombre","3"
"1473","No les alcanza y tienen grandes dificultades","5","Mujer","2"
"1474","No les alcanza y tienen dificultades","5","Hombre","3"
"1475","Les alcanza justo, sin grandes dificultades","5","Mujer","4"
"1476","Les alcanza justo, sin grandes dificultades","5","Mujer","2"
"1477","No les alcanza y tienen dificultades","5","Hombre","4"
"1478","Les alcanza bien y pueden ahorrar","5","Mujer","3"
"1479","Les alcanza justo, sin grandes dificultades","5","Mujer","2"
"1480","No les alcanza y tienen dificultades","5","Mujer","4"
"1481","Les alcanza justo, sin grandes dificultades","5","Hombre","2"
